id,split,gold_id,urdu,english,roman_1,roman_2,roman_3
q000,dev,ur-35987-0,کس ادارے میں بچوں کی صحت کے لیے ہمہ وقت ڈاکٹر موجود ہے؟,In which institution is a doctor available at all times for children's health?,Kis idaray mein bachon ki sehat ke liye hamesha doctor mojood hai?,Kis idaray mein bachon ki sehat kay liye hamesha doctor mojood hai?,Kis idaare mein bachon ki sehat ke liye hamesha doctor mojood hai?
q001,dev,ur-714246-0,کچھی زبان کو کون سے قبائل بولتے ہیں؟,Which tribes speak the Kachhi language?,Kachhi zaban ko kaun se qabail boltay hain?,Kachhi zabaan ko kaun se qabail boltay hain?,Kachhi zaban ko kon se qabail boltay hain?
q002,dev,ur-330382-2,1982 میں اردو سوسائٹی آف کینیڈا کی پہلی اردو کانفرنس کہاں منعقد ہوئی تھی؟,Where was the first Urdu conference by Urdu Society of Canada held in 1982?,1982 mein Urdu Society of Canada ki pehli Urdu conference kahan munaqid hui thi?,1982 may Urdu Society of Canada ki pehli Urdu conference kahan munakid hui thi?,1982 mein Urdu Society of Canada ki pehli Urdu conference kahan munaqed hui thi?
q003,dev,ur-620374-0,میاں گل عبد الودود کس کی اولاد ہیں؟,Whose descendant is Mian Gul Abdul Wadud?,Mian Gul Abdul Wadood kis ki aulaad hain?,Miyan Gul Abdul Wadud kis ki aulad hain?,Mian Gull Abdul Wadud kis ki aulad hain?
q004,dev,ur-1030613-1,پاکستان میٹرولوجیکل ڈیپارٹمنٹ (پی ایم ڈی) کا صدر دفتر کہاں واقع ہے؟,Where is the headquarters of the Pakistan Meteorological Department (PMD) located?,Pakistan Meteorological Department (PMD) ka sadar daftar kahan waqia hai?,Pakistan Meteorological Department (PMD) ka sadar daftar kahaan waqia hai?,Pakistan Meteorological Department (PMD) ka saddar daftar kahan waqia he?
q005,dev,ur-17795-2,براڈ پیک کو سردیوں میں سر کرنے والی پہلی پولش ٹیم میں کون مشہور کوہ پیما شامل تھے؟,Which famous mountaineer was part of the first Polish team to summit Broad Peak in winter?,Broad Peak ko sardiyon mein sar karne wali pehli Polish team mein kaun mashhoor koh pehma shamil the?,Brad Peak ko sardiyon mein sr karne waali pehli Polish team mein kon mashhoor koh payma shamil thay?,Broad Peak ko sardiyon mein sar karne wali pehli Polish team mein kon mashhoor koh pehma shamil thy?
q006,dev,ur-890539-3,ترقی پزیر ملکوں میں زرعی افرادی قوت میں خواتین کی حصہ داری کتنے فیصد ہے؟,What percentage of the agricultural workforce in developing countries is made up of women?,Taraqqi pazeer mulkon mein zara'i afradi quwat mein khawateen ki hissa dari kitne fee-sad hai?,Taraqi pazeer mulkon mein zara'ee afradi quwat mein khawateen ki hissa daari kitne feesad hai?,Taraqqi pazeer mulkon mein zara'i afradi quwat mein khawateen ki hissa daari kitne feesad hai?
q007,dev,ur-238304-2,بلوچ ری پبلکن آرمی کو کس ملک نے دہشت گرد کالعدم تنظیم قرار دیا ہے؟,Which country has declared the Baloch Republican Army a terrorist banned organization?,Baloch Republican Army ko kis mulk ne dehshatgard qaladam tanzeem qarar diya hai?,Baloch Republican Army ko kis mulk ne dehshatgard qalamda tanzeem karaar diya hai?,Baloch Republican Army ko kis mulk ne dehshatgard qalamdum tanzeem qarar diya he?
q008,dev,ur-8405-2,سکندر اعظم نے ٹیکسلا شہر کو کب فتح کیا؟,When did Alexander the Great conquer the city of Taxila?,Sikandar Azam ne Taxila shehar ko kab fatah kiya?,Sikandar Aazm nay Taxila sheher ko kab fatah kiya?,Sikandar Azam nay Taxila shahr ko kab fatah kiya?
q009,dev,ur-121394-3,شکیل قادری نے تحریک محمد سلیم قادری کے کس بیٹے کے ساتھ علاحدہ ہو کر سنی تحریک کا تسلسل جاری رکھا؟,With which son of Tehreek Muhammad Saleem Qadri did Shakeel Qadri separate to continue the Sunni Tehreek?,Shakeel Qadri ne Tehreek Muhammad Saleem Qadri ke kis betay ke sath alag ho kar Sunni Tehreek ka tasalsul jari rakha?,Shakeel Qadri nay Tehreek Muhammad Saleem Qadri ke kis betey ke sath alag ho kar Sunni Tehreek ka tasalsul jari rakha?,Shakeel Qadri ne Tehreek Muhammad Saleem Qadri ke kis betay ke saath alag ho kar Sunni Tahreek ka tasalsul jari rakha?
q010,dev,ur-437330-2,کراچی سپر ہائی وے پر 5 جنوری کو کتنے افراد ایک حادثے میں جاں بحق ہوئے؟,How many people died in an accident on the Karachi Super Highway on January 5th?,Karachi Super Highway par 5 January ko kitne afraad ek haadsay mein jaan baaq hue?,Karachi Super Highway pe 5 January ko kitne afraad aik haadsay mein jaan baq hue?,Karachi Super Highway per 5 January ko kitne afrad aik hadsay mein jaan baaq hue?
q011,dev,ur-10737-1,فیض نے کیمبرج یونیورسٹی میں داخلہ کب لیا تھا؟,When did Faiz get admission to Cambridge University?,Faiz ne Cambridge University mein daakhla kab liya tha?,Faiz nay Cambridge University may dakhla kab liya tha?,Faiz nay Cambridge University mein dekhla kab liya tha?
q012,dev,ur-928922-3,زینب کو قاہرہ میں صحت یاب ہونے کے بعد کون سا ویزا دیا گیا؟,What visa was given to Zainab after her recovery in Cairo?,Zainab ko Qahira mein sehat yaab honay ke baad kon sa visa diya gaya?,Zainab ko Qahirah main sehat yaab hone ke baad kon sa viza diya gaya?,Zainab ko Qahira mayn sehat yaab honay ke baad kon sa visa diya gaya?
q013,dev,ur-1074612-3,ٹیکسلا میوزیم میں گندھارا پتھر کے مجسموں کے کتنے جلدوں پر مشتمل کیٹلاگ کی تخلیق ایم اے خان نے کی؟,"How many volumes does the catalogue of Gandhara stone sculptures at Taxila Museum, created by M.A. Khan, consist of?",Taxila Museum mein Gandhara pathar ke mujasmoon ke kitne jildon par mushtamil katalag ki takhleeq MA Khan ne ki?,Taxila Museum mein Gandhara patthar ke mujasmoon ke kitne jildon par mushtamil katalag ki takhleek MA Khan ne ki?,Taxila Museum mein Gandhara pathar ke mujasmoon ke kitnay jildon par mushtamil katalog ki takhleeq MA Khan ne ki?
q014,dev,ur-1006880-0,"گلگت بلتستان میں ""کھوئی"" کس زبان کا لفظ ہے؟","In which language is ""Khowi"" a word in Gilgit-Baltistan?","Gilgit-Baltistan mein ""Khowi"" kis zuban ka lafz hai?","Gilgit-Baltistan mein ""Khowi"" kis zubaan ka lafz hay?","Gilgit-Baltistan mein ""Khowi"" kis zubaan ka lafz he?"
q015,dev,ur-49440-1,نروان بدھا کا مجسمہ کس میوزیم میں موجود ہے؟,In which museum is the Nirvana Buddha statue located?,Nirvan Budha ka mujasma kis museum mein mojood hai?,Nirwan Budha ka mujasma kis museum mein mojood hay?,Nirvan Budha ka mujasma kis museum main mojood hai?
q016,dev,ur-790596-1,پاکستان میں بڑے ڈیموں کی فہرست کے مطابق کون سا ادارہ ڈیم کی اونچائی کا تعین کرتا ہے؟,"According to the list of large dams in Pakistan, which organization determines the height of a dam?",Pakistan mein bare damon ki fehrist ke mutabiq kaun sa idara dam ki unchaai ka tayyun karta hai?,Pakistan main baday daamon ki fehrist kay mutabiq kon sa idara dam ki unchai ka tayyun karta hai?,Pakistan may baray damon ki fehrist ke mutabiq kon sa idaara dam ki oonchaai ka tayyun karta hai?
q017,dev,ur-132868-0,پروین رضوی کی پہلی شادی کس پاکستانی اداکار سے ہوئی تھی؟,"Who was Parveen Rizvi's first marriage with, among Pakistani actors?",Parveen Rizvi ki pehli shadi kis Pakistani adakar se hui thi?,Parveen Rizvi ki pehli shaadi kis Pakistani adakaar se hui thi?,Parveen Rizvi ki pehli shadi kis Pakistani adakar se hoi thi?
q018,dev,ur-1018160-1,تحریک عدم اعتماد کی تجویز کس اجلاس میں پیش کی گئی؟,In which meeting was the no-confidence motion proposed?,Tehreek-e-Adam Aitmad ki tajweez kis ijlaas mein peish ki gayi?,Tehreek-e-Adam Aetmaad ki tajwez kis ijlass mein paish ki gayi?,Tehreek-e-Adam Aitmaad ki tajweez kis ijaalas mein paish ki gayee?
q019,dev,ur-779264-3,دہلی میں مہاراشٹر کے کھانوں میں کیا خاص ذائقہ پایا جاتا ہے؟,What specific flavor is found in the Maharashtrian cuisine in Delhi?,Dehli mein Maharashtra ke khaanon mein kya khaas zaiqa paaya jaata hai?,Dilli mein Maharashtara kay khanon mein kia khas zaiqa paya jata hai?,Dilli mein Maharashtara ke khanon mein kya khaas zayqa paaya jaata hai?
q020,dev,ur-1180172-2,اکبر کی انتظامی اصلاحات کے بعد مغلیہ سلطنت کو کتنے صوبوں میں تقسیم کیا گیا؟,"After Akbar's administrative reforms, into how many provinces was the Mughal Empire divided?",Akbar ki intizami islaahat ke baad Mughal Saltanat ko kitne subon mein taqseem kiya gaya?,Akbar ki intezami islaahat ke baad Mughal Saltant ko kitne soobon mein taqseem kia gaya?,Akbar ki intizaami islaahat ke baad Mughal Saltanat ko kitnay subon main taqseem kiya gaya?
q021,dev,ur-1181674-2,کس کھلاڑی کو زخمی رابن پیٹرسن کے کور کے طور پر پہلے ٹیسٹ کے لیے اسکواڈ میں شامل کیا گیا ہے؟,Which player was included in the squad for the first test as a cover for the injured Robin Peterson?,Kis khiladi ko zakhmi Robin Peterson ke cover ke tor par pehle test ke liye squad mein shamil kiya gaya hai?,Kis khiladi ko zakmi Robin Peterson ke cover ke tor par pehle test ke liye squad mein shamil kia gaya hai?,Kis khiladi ko zakhmi Robin Peterson ke cover ke tor par pehle test ke liye skwad mein shamil kia gaya he?
q022,dev,ur-101333-3,جامعہ نظامیہ رضویہ کا پہلا صدر دفتر کہاں قائم کیا گیا تھا؟,Where was the first head office of Jamia Nizamia Rizvia established?,Jamia Nizamiya Rizviya ka pehla sadar daftar kahan qaim kiya gaya tha?,Jamia Nizamiya Rizvia ka pehla sadar daftar kahan qaim kiya gaya tha?,Jamia Nizamia Rizviya ka pehla sadar daftar kahaan qaim kiya gaya tha?
q023,dev,ur-874066-0,صدف حسین نے قائد اعظم ٹرافی کے کس میچ میں 37 سکور پر 9 وکٹیں حاصل کیں؟,In which match of the Quaid-e-Azam Trophy did Sadaf Hussain take 9 wickets for 37 runs?,Sadaf Hussain ne Quaid-e-Azam Trophy ke kis match mein 37 score par 9 wickets hasil kiye?,Sadaf Husain nay Quaid-e-Azam Trophy kay kis match mein 37 skore par 9 wickets hasil kiye?,Sadaf Husain ne Quaid-e-Azam Trophy ke kis match main 37 score par 9 wickets hasil kiye?
q024,dev,ur-1006852-1,وادی سندھ کی تہذیب کے بارے میں حالیہ تحقیق نے اس کے قبل کی کس نسل کا پتہ لگایا ہے؟,What ancestry prior to the Indus Valley Civilization has recent research uncovered?,Wadi Sindh ki tehzeeb ke bare mein haaliya tehqeeq ne is ke qabel ki kis nasal ka pata lagaya hai?,Wadi Sindh ki tehezeeb ke bare mein haalya tehqeeq ne is ke qabel ki kis nasal ka pata lagaya hai?,Wadi Sindh ki tehzeeb ke bare mein haaliya tehqiik ne is ke qabel ki kis nasal ka pata lagaya hai?
q025,dev,ur-779722-1,حضرت امام حسین کی شہادت کا تذکرہ کس صنف شاعری میں کیا جاتا ہے؟,In which genre of poetry is the martyrdom of Hazrat Imam Hussain mentioned?,Hazrat Imam Hussain ki shahadat ka tazkara kis sanf shairi mein kiya jata hai?,Hazrat Imam Hussain ki shahadat ka tazkara kis sanf sha'iri main kiya jata hai?,Hazrat Imam Hussain ki shahadat ka tazkara kis sanf shay'ri mein kia jata hai?
q026,dev,ur-112009-2,کوئٹہ ریلوے اسٹیشن کا کوڈ کیا ہے؟,What is the code for Quetta Railway Station?,Quetta railway station ka code kya hai?,Quetta railway station ka code kia hay?,Quetta railway station ka code kyaa he?
q027,dev,ur-518660-3,سر ڈاکٹر ضیاء الدین احمد نے کس ملک کی پہلی تعلیمی پالیسی بنانے میں مدد کی؟,Which country's first educational policy did Sir Dr. Ziauddin Ahmed help formulate?,Sir Doctor Ziauddin Ahmed ne kis mulk ki pehli taaleemi policy banane mein madad ki?,Sir Dr. Ziauddin Ahmad ne kis mulk ki pehli taleemi policy banane may madad ki?,Sir Dr. Ziauddin Ahmed nay kis mulk ki pehli taaleemi policy banane mein madad ki?
q028,dev,ur-658867-0,مریم صفدر نے محمد صفدر اعوان سے شادی کب کی؟,When did Maryam Safdar marry Muhammad Safdar Awan?,Maryam Safdar ne Muhammad Safdar Awan se shadi kab ki?,Mariam Safdar nay Muhammad Safdar Awan say shaadi kab ki?,Mareyam Safdar nay Muhammad Safdar Awan se shaadi kab ki?
q029,dev,ur-1006852-2,سندھی زبان میں قرآن کا ترجمہ کب ہوا تھا؟,When was the Quran translated into Sindhi language?,Sindhi zuban mein Quran ka tarjuma kab huwa tha?,Sindhi zuban main Quran ka tarjuma kab hua tha?,Sindhi zuban may Quran ka tarjuma kab huva tha?
q030,dev,ur-52146-1,صدر ضیاء کے دور میں آٹھویں ترمیم کی منظوری کے پیچھے کیا محرکات تھے؟,What were the motivations behind the approval of the Eighth Amendment during Zia's era?,Sadr Zia ke daur mein aathwin tarmeem ki manzoori ke peechay kya maharikat the?,Sadr Zia ke daur mein aathvin tarmeem ki manzoori ke peechay kya maharikat thay?,Sadar Zia ke dour mein aathwin tarmeem ki manzoori ke peechay kia maharikat the?
q031,dev,ur-608-2,محمد علی جناح نے 3 جون 1947 کے اعلان کے دوران اپنے خطاب کا اختتام کس نعرے سے کیا؟,"With which slogan did Muhammad Ali Jinnah conclude his speech during the announcement on June 3, 1947?",Mohammad Ali Jinnah ne 3 June 1947 ke ailan ke doran apne khitab ka ikhtitam kis naare se kiya?,Mohammad Ali Jinnah ne 3 June 1947 kay ailan kay doran apne khitab ka ikhtitam kis nare se kiya?,Mohammad Ali Jinnah nay 3 June 1947 ke ailan ke doran apne khitab ka ikhtitam kis naarey se kiya?
q032,dev,ur-1073311-1,گورنمنٹ انسٹی ٹیوٹ فار سلو لرنرز کہاں واقع ہے؟,Where is the Government Institute for Slow Learners located?,Government Institute for Slow Learners kahan waqia hai?,Goverment Institute for Slow Learners kahaan waqya hay?,Gavernment Institute for Slow Learners kahan waqia hai?
q033,dev,ur-343145-3,موہنجودڑو کے دور زوال میں برتن پکانے کی بھٹیاں کہاں ملی ہیں؟,Where were the pottery kilns found during the decline of Mohenjo-Daro?,Mohenjodaro ke dour-e-zawaal mein bartan pakaane ki bhatiyaan kahan mili hain?,Mohanjodaro ke dowr-e-zawaal mein bartaan pakane ki bhatiyan kahan mile hain?,Mohenjodaro ke dor-e-zawaal mien bartan pakane ki bhatiyan kahan mile hain?
q034,dev,ur-321603-1,لاہور لائینز نے کس ٹورنامنٹ میں محمد یوسف کی کپتانی میں کامیابی حاصل کی؟,In which tournament did Lahore Lions achieve victory under the captaincy of Mohammad Yousuf?,Lahore Lions ne kis tournament mein Muhammad Yousaf ki kaptani mein kamiyabi hasil ki?,Lahore Lions ne kis tournament may Mohammad Yousuf ki kaptani may kamiyabi hasil ki?,Lahore Lions ne kis tournament mein Muhammad Yousuf ki kaptani mein kamiyabi hasil ki?
q035,dev,ur-5351-2,حسرت کے ترک محبت کی حقیقت کیا ہے؟,What is the reality of Hasrat's abandonment of love?,Hasrat ke tark mohabbat ki haqeeqat kia hai?,Hasrat ke tark mohabbat ki haqeeqat kya hay?,Hasrat ke tarq mohabbat ki haqeeqat kya he?
q036,dev,ur-114609-2,سلطنت گولکنڈہ کی بنیاد کس نے رکھی؟,Who founded the Golconda Sultanate?,Saltanat Golconda ki buniyaad kis ne rakhi?,Saltanat Golconda ki buniyad kis nay rakhi?,Saltanat Golconda ki bunyad kis ne rakhi?
q037,dev,ur-7362-1,شکاگو اورینٹلٹل انسٹی ٹیوٹ کو کس کتبے کے مطابق پشاور کا قدیم نام پشکبور ہے؟,According to which inscription at the Chicago Oriental Institute is Peshawar's ancient name Peshkibur?,Chicago Oriental Institute ko kis kutbay ke mutabiq Peshawar ka qadeem naam Peshkibur hai?,Shicago Oriental Institute ko kis katbay ke mutabiq Peshawar ka qadeem naam Peshkibur hai?,Chicago Oriental Institute ko kis kutbe ke mutabiq Peshawar ka qadeem naam Peshkibur hai?
q038,dev,ur-1111755-2,زاہد حسین کو ترقیاتی بورڈ کا پہلا ڈپٹی چیئرمین کب بنایا گیا؟,When was Zahid Hussain appointed as the first Deputy Chairman of the Development Board?,Zahid Hussain ko taraqqiyati board ka pehla Deputy Chairman kab banaya gaya?,Zaahid Hussain ko taraqqiyati board ka pehla Deputy Chairman kab banaya gaya?,Zahid Hussain ko taraqiati board ka pehla Deputy Chairman kab banaya gya?
q039,dev,ur-882641-2,مولانا غلام مرشد نے علامہ اقبال کی نماز جنازہ کہاں پڑھائی؟,Where did Maulana Ghulam Murshed lead Allama Iqbal's funeral prayer?,Molana Ghulam Murshad ne Allama Iqbal ki namaz-e-janaza kahan parhai?,Moulana Ghulam Murshad ne Allama Iqbal ki namaz-e-jinaza kahan parhai?,Molana Ghulam Murshid ne Allama Iqbal ki namaz-e-janaza kahan parhai?
q040,dev,ur-372130-3,پاکستان نے ٹیسٹ میچ کھیلنے کا اجازت نامہ کب حاصل کیا؟,When did Pakistan obtain the permission to play Test matches?,Pakistan ne test match khelne ka ijaazat nama kab hasil kiya?,Pakistan nay test match khelnay ka ijaazat nama kab hasil kiya?,Pakistan ne test match khelne ka izzat nama kab hasil kiya?
q041,dev,ur-1085805-3,شاہ محمود قریشی کو کس کیس میں 3 سال قید کی سزا سنائی گئی؟,In which case was Shah Mahmood Qureshi sentenced to 3 years in prison?,Shah Mehmood Qureshi ko kis case mein 3 saal qaid ki saza sunai gayi?,Shah Mahmood Qureshi ko kis case mein 3 saal qaid ki saza sunai gayi?,Shah Mehmood Qureshi ko kis case mein 3 saal qaid ki saza sunai gayee?
q042,dev,ur-30972-2,جامعۂ پشاور کے لا کالج کی بنیاد کس سال میں رکھی گئی؟,In which year was the Law College of the University of Peshawar established?,Jami'a Peshawar ke Law College ki buniyad kis saal mein rakhi gayi?,Jami'a Peshawar ke Law College ki bunyad kis saal mein rakhi gayi?,Jami'a Peshawar ke Law College ki buniyad kis saal mein rakhhi gayee?
q043,dev,ur-907795-0,پہلی جنگ عظیم کے دوران مشرقی افریقہ میں جرمن قیادت والی فوجیوں کو ادائیگی کے لیے 1916 میں کون سی کرنسی استعمال کی گئی تھی؟,"During World War I, what currency was used to pay German-led troops in Eastern Africa in 1916?",Pehli jang azeem ke doran mashriqi Africa mein German qiyadat wali foujion ko adaigi ke liye 1916 mein kaun si currency istemal ki gayi thi?,Pehli jung azeem ke doran mashriqi Africa mein German qiyadat wali faujion ko adaigi ke liye 1916 mein kon si currency istemal ki gai thi?,Pehli jang azeem ke doran mashriqi Africa mein German qiadat wali fojion ko adaigi ke liye 1916 mein kaun si currency istemal ki gayi thi?
q044,dev,ur-1028628-1,عمران ریاض خان کو کب اور کہاں گرفتار کیا گیا تھا؟,When and where was Imran Riaz Khan arrested?,Imran Riaz Khan ko kab aur kahan giraftar kiya gaya tha?,Imran Riaz Khan ko kub aur kahan giraftar kia gaya tha?,Imran Riaz Khan ko kab aur kahaan giraftar kiya gaya tha?
q045,dev,ur-792480-2,عمران خان نے جنوبی پنجاب میں ایک نیا صوبہ بنانے کا وعدہ کس موقع پر کیا؟,On what occasion did Imran Khan promise to create a new province in South Punjab?,Imran Khan ne junubi Punjab mein ek naya sooba banane ka wada kis moqa par kiya?,Imran Khan nay junobi Punjab mein aik naya sooba bananay ka wada kis moqa par kia?,Imran Khan ne junubi Punjab mein aik naya sooba banane ka wada kis moqa par kiya?
q046,dev,ur-36622-2,1958ء کے مارشل لا کے بعد پہلا 23 مارچ کس نئے نام سے منایا گیا؟,What new name was given to the first March 23rd after the 1958 martial law?,1958 ke martial law ke baad pehla 23 March kis naye naam se manaya gaya?,1958 kay marshal law kay baad pehla 23 March kis naye naam say manaya gaya?,1958 ke marshall law ke baad pehla 23 March kis naye naam se manaya gaya?
q047,dev,ur-870785-3,کوس کی قدیم ہندوستانی اکائی کیا تھی اور اس کا فاصلہ کتنا تھا؟,What was the ancient Indian unit of Kos and what distance did it represent?,Kos ki qadeem Hindustani akai kya thi aur is ka faasla kitna tha?,Kaus ki qadeem Hindustani aekai kya thi aur is ka faasla kitna tha?,Kaos ki qadeem Hindustani ikai kya thi aur is ka fasla kitna tha?
q048,dev,ur-2316309-0,ملیر ایکسپریس وے کا آغاز کہاں سے ہوتا ہے؟,Where does the Malir Expressway start?,Malir Expressway ka aaghaz kahan se hota hai?,Malir Expressway ka aghaz kahaan say hota hai?,Malir Expressway ka agaz kahan se hota hai?
q049,dev,ur-14839-0,مشرقی پاکستان میں حکومت کی سرکاری زبان کے فیصلے کے خلاف ہونے والے مظاہروں میں کون سے طبقے کے لوگ متاثر ہوئے؟,Which group of people in East Pakistan was affected by the protests against the government's decision on the official language?,Mashriqi Pakistan mein hukumat ki sarkari zabaan ke faisle ke khilaf hone walay mozaahiro mein kaun se tabqe ke log mutasir huay?,Mashriqi Pakistan mein hukoomat ki sarkari zubaan ke faislay ke khilaaf hone walay muzahiro mein kaun se tabqay ke log mutasir huay?,Mashriqi Pakistan mein hukoomat ki sarkari zabaan ke faislay ke khilaf hone wale mozaahiro mein kon se tabqay ke log mutasir hue?
q050,dev,ur-65781-1,اندرون لاہور میں کون سا دروازہ آج بھی قائم ہے؟,Which gate in Androon Lahore still stands today?,Andaroon Lahore mein kon sa darwaza aaj bhi qaim hai?,Androon Lahore main kon sa darwaza aaj bhi qayam hai?,Andarun Lahore mein kon sa darwaza aaj bhi qaim hay?
q051,dev,ur-932516-2,شاہدہ ملک کس سال میں دو اسٹار رینک پر ترقی پا کر پہلی خاتون میجر جنرل بنیں؟,In which year did Shahida Malik become the first female Major General by being promoted to a two-star rank?,Shahida Malik kis saal mein do star rank par tarakki paa kar pehli khatoon Major General banein?,Shahida Malik kis saal may do star rank par taraqqi paa kar pehli khatoon Major General banein?,Shahida Malik kis saal mein do star rank par taraqqi paa kar pehli khatoon Major General banein?
q052,dev,ur-15923-3,کس پیشرفت نے انسانی تہذیب کی ترقی میں ثقافت کی حوصلہ افزائی کی؟,Which advancement encouraged the development of culture in human civilization?,Kis peshraft ne insani tahzeeb ki taraqqi mein saqafat ki hosla afzai ki?,Kis peshraft nay insani tehzeeb ki taraqqi mein saqafat ki hausla afzai ki?,Kis peshrafat ne insani tehzeeb ki taraqi mein saqafat ki hosla afzai ki?
q053,dev,ur-920961-1,ڈاکٹر محمد ظفر اقبال نوری کو کس تنظیم کا مرکزی امیر منتخب کیا گیا؟,Which organization was Dr. Muhammad Zafar Iqbal Noori elected as the central leader of?,Dr. Muhammad Zafar Iqbal Noori ko kis tanzeem ka markazi ameer muntakhib kiya gaya?,Dr. Muhammad Zafar Iqbal Noori ko kis tanzeem ka markazi amir muntakhib kia gaya?,Dr. Muhammad Zafar Iqbal Noori ko kis tanzeem ka markazi ameer muntakhib kia gaya?
q054,dev,ur-59053-0,خانوآنہ 72 / گ ب، ستیانہ روڈ کا کون سا فلائی اوور نشاط آباد میں سانگلہ ہل روڈ کو عبور کرتا ہے؟,"Which flyover on Khanoana 72 / G B, Satiana Road crosses Sangla Hill Road in Nishatabad?","Khanoana 72 / G B, Satiana Road ka kaun sa flyover Nishatabad mein Sangla Hill Road ko aboor karta hai?","Khanoana 72 / G B, Satiana Road ka kon sa flyover Nishatabad mein Sangla Hill Road ko aboor karta hai?","Khanoana 72 / G B, Satiana Road ka kon sa flyover Nishatabad mein Sangla Hill Road ko cross karta hai?"
q055,dev,ur-267467-0,مینار پاکستان کے قیام کا فیصلہ کس جگہ کے تاریخی واقعے کی یاد میں کیا گیا تھا؟,In memory of which historical event was the decision to establish Minar-e-Pakistan made?,Minar Pakistan ke qayam ka faisla kis jagah ke tareekhi waqaye ki yaad mein kiya gaya tha?,Minar Pakistan ke qiyam ka faisla kis jagah ke tareekhi waqia ki yad mein kia gaya tha?,Minar Pakistan ke qayam ka faisla kis jaga ke tareekhi waqaye ki yaad mein kiya gaya tha?
q056,dev,ur-1097755-3,پراسُن قبیلہ کہاں آباد ہے؟,Where is the Prasun tribe located?,Prasun qabeela kahan aabad hai?,Prasun qabila kahan abad he?,Prasun qabeeela kahaan abaad hay?
q057,dev,ur-9481-2,جنرل محمد ضیا الحق نے کب پاکستان میں مارشل لا نافذ کیا؟,When did General Muhammad Zia-ul-Haq impose martial law in Pakistan?,Genral Muhammad Zia-ul-Haq ne kab Pakistan mein marshal law naafiz kiya?,General Mohammad Zia-ul-Haq ne kab Pakistan main marshall law nufuz kiya?,Genral Mohammad Zia-ul-Haq nay kab Pakistan mein martial law naafiz kiya?
q058,dev,ur-1113008-1,"شاہد ندیم کا کون سا اسٹیج ڈرامہ ""باری (دی ایکوئٹل)"" پر مبنی تھا؟","Which stage play by Shahid Nadeem was based on ""Bari (The Acquittal)""?","Shahid Nadeem ka kaun sa stage drama ""Bari (The Acquittal)"" par mabni tha?","Shahid Nadeem ka kon sa stage drama ""Bari (The Acquittal)"" per mabni tha?","Shahid Nadeem ka kaun sa stage drama ""Bari (The Acquittal)"" pe mabni tha?"
q059,dev,ur-620997-1,دسوہہ بوائز ہائی اسکول کی بنیاد کس شخصیت نے رکھی اور ان کی خدمات کو کن الفاظ میں سراہا گیا ہے؟,Who founded the Dasuha Boys High School and how were their contributions recognized?,Dusooha Boyz High School ki buniyaad kis shakhsiyat ne rakhi aur un ki khidmaat ko kin alfaaz mein saraha gaya hai?,Dusooha Boyz Hai School ki buniyad kis shakhsiyat ne rakhi aur un ki khidmaat ko kin alfaaz mein saraha gaya hai?,Dusooha Boyz High School ki buniyad kis shakhsiyat ne rakhi aur un ki khidmaat ko kin alfaz mein saraaha gaya hai?
q060,dev,ur-97916-2,مارچ 2020 کے مطابق، 7.8 ارب افراد کی کتنی سرگرمیاں عالمی معیشت کے تخمینے میں شامل ہیں؟,"As of March 2020, how many of the activities of 7.8 billion people are included in the global economic estimates?","March 2020 ke mutabiq, 7.8 arab afraad ki kitni sargarmiyan aalami maeeshat ke takhmeenay mein shaamil hain?","March 2020 ke mutabiq, 7.8 arb afraad ki kitni sargarmiyan aalami maeeshat ke takhminay mein shaamil hain?","March 2020 ke mutabiq, 7.8 arub afraad ki kitni sargarmiyan aalaami maeeshat ke takhmeenay mein shaamil hain?"
q061,dev,ur-322066-1,شعیب اختر نے کوئٹہ بئیرز کے خلاف بہترین انفرادی گیند بازی کب کی تھی؟,When did Shoaib Akhtar achieve his best individual bowling performance against Quetta Bears?,Shoaib Akhtar ne Quetta Bears ke khilaf behtareen infiradi gandbazi kab ki thi?,Shoaib Akhtar nay Quetta Bairs ke khilaf behtareen infiradi gendbazi kab ki thi?,Shoaib Akhtar ne Quetta Bairs ke khilaf behtareen infiradi gandbazi kab ki thi?
q062,dev,ur-344193-0,لاہور کے بارے میں سب سے پہلی دستاویز کس چینی سیاح نے لکھیں؟,Which Chinese traveler first documented about Lahore?,Lahore ke bare mein sab se pehli dastawiz kis cheeni sayyah ne likhin?,Lahore kay baray mein sab se pehli dastaveez kis cheeni sayyah nay likhin?,Lahore ke bare mein sab se pehli dastaveez kis cheeni sayyah nay likhi?
q063,dev,ur-1143910-0,گندھارا تہذیب کا دورانیہ کب سے کب تک تھا؟,What was the time period of the Gandhara civilization?,Gandhara tehzeeb ka doraniya kab se kab tak tha?,Gandhara tehezeeb ka doraniyah kab se kab tak tha?,Gandhara tehzeeb ka doraniyaa kab se kab tak tha?
q064,dev,ur-775720-1,مرہٹہ سلطنت کا قیام کس کی قیادت میں ہوا؟,Under whose leadership was the Maratha Empire established?,Marhata Saltanat ka qiyaam kis ki qiadat mein hua?,Marrhatta Saltnat ka kyaam kis ki qiadat main hua?,Marhata Saltnat ka qiyaam kis ki qiyadat mayn hua?
q065,dev,ur-1165783-0,فروری 2020 میں ایران میں کونسی عالمی وبا شروع ہوئی؟,Which global pandemic started in Iran in February 2020?,Februry 2020 mein Iran mein konsi aalmi waba shuru hui?,Fabrury 2020 main Iran main konsi aalmi wabaa shuru hui?,Ferruary 2020 mein Iran mein konsi aalmii waba shuru hui?
q066,dev,ur-803366-0,ترانا برک نے می ٹو محاورے کا کب استعمال شروع کیا؟,When did Tarana Burke start using the phrase 'Me Too'?,Tarana Burke ne Me Too muhaaware ka kab istemaal shuru kiya?,Tarana Burke nay Me Too muhawaray ka kab istamal shuru kiya?,Tarana Burke nae Me Too muhawaray ka kab istemal shuru kiya?
q067,dev,ur-1006758-0,بنگلہ دیش کے خلاف پاکستان قومی خواتین کرکٹ ٹیم نے مارچ 2014ء میں کتنی ون ڈے میچز جیتے تھے؟,How many One Day matches did the Pakistan national women's cricket team win against Bangladesh in March 2014?,Bangladesh ke khilaf Pakistan qaumi aurat cricket team ne March 2014 mein kitne one day matches jeete the?,Bangladesh kay khilaf Pakistan qaumi aurat cricket team nay March 2014 main kitnay one day matches jeetay they?,Bangladesh ke khilaaf Pakistan qaumi aurat cricket team ne March 2014 may kitnay one day matches jeetay thay?
q068,dev,ur-46970-3,تحریک پاکستان میں مسلمانوں کے لیے علاحدہ مملکت کا قیام کیوں ضروری سمجھا جاتا تھا؟,Why was the establishment of a separate state considered necessary for Muslims in the Pakistan Movement?,Tehreek-e-Pakistan mein Musalmanon ke liye alag mmlkt ka qayam kyon zaroori samjha jata tha?,Tehreek-e-Pakistan main Musalmanon ke liye alag mmlkt ka qayaam kyun zaroori samjha jata tha?,Tehreek-e-Pakistan may Musalmanon kay liye alaheda mamlikat ka qayam kyon zaroori samjha jata tha?
q069,dev,ur-20336-2,3 مارچ 2024ء کو پاکستان کے وزیر اعظم کے انتخاب میں شہباز شریف نے کن جماعتوں کی حمایت سے کامیابی حاصل کی؟,"Which parties supported Shahbaz Sharif's re-election as Prime Minister of Pakistan on March 3, 2024?",3 March 2024 ko Pakistan ke Wazir-e-Azam ke intekhaab mein Shahbaz Sharif ne kin jamaaton ki himayat se kamyabi hasil ki?,3 March 2024 ko Pakistan ke Wazeer-e-Azam ke intikhab mein Shahbaz Sharif ne kin jamaton ki himayat se kamiyabi hasil ki?,3 March 2024 ko Pakistan ke Wazir-e-Azam ke intekhab mein Shahbaz Sharif ne kin jmaaton ki himayat se kamyabi hasil ki?
q070,dev,ur-10737-3,فیض کو انگریزی زبان پر عبور کب ہوا؟,When did Faiz become proficient in the English language?,Faiz ko angrezi zubaan par aboor kab hua?,Faiz ko angreezi zuban par aboor kab hua?,Faiz ko angrezi zubaan per aboor kab huwa?
q071,dev,ur-1073311-2,ڈیرہ غازی خان میں قوت سماعت سے محروم افراد کے لئے خصوصی تعلیم کہاں دی جاتی ہے؟,Where is special education for hearing-impaired individuals provided in Dera Ghazi Khan?,Dera Ghazi Khan mein qwat samaat se mehroom afrad ke liye khass taleem kahan di jati hai?,Dera Ghazi Khan mein qowat samaat se mehroom afraad ke liye khas taleem kahan di jati hai?,Dera Ghazi Khan mein quwat samaat se mehroom afraad ke liye khaas taleem kahan di jati hai?
q072,dev,ur-132868-1,فلم 'کنگن' میں سنگیتا نے کس عمر میں کام شروع کیا؟,At what age did Sangeeta start working in the film 'Kangan'?,Film 'Kangan' mein Sangeeta ne kis umar mein kaam shru kia?,Film 'Kangan' main Sangeeta ne kis umar mein kaam shuru kia?,Film 'Kangan' mein Sangeeta ne kis umar mein kaam shroo kiya?
q073,dev,ur-7908-3,علامہ سید ساجد علی نقوی نے شہید قائد علامہ سید عارف حسین الحسینی کی شہادت کے بعد تحریک جعفریہ کو کیسے منظم کیا؟,How did Allama Syed Sajid Ali Naqvi organize Tehreek-e-Jafaria after the martyrdom of Shaheed Allama Syed Arif Hussain Al-Husseini?,Allama Syed Sajid Ali Naqvi ne Shaheed Allama Syed Arif Hussain Al-Husseini ki shahadat ke baad Tehreek-e-Jafaria ko kaisay munazzam kia?,Allama Syed Sajid Ali Naqvi nay Shaheed Allama Syed Arif Hussain Al-Husseini ki shahadat kay baad Tehreek-e-Jafaria ko kesay munazzam kya?,Allama Syed Sajid Ali Naqvi ne Shaheed Allama Syed Arif Hussain Al-Husseini ki shahadat ke baad Tehreek-e-Jafaria ko kaise munazzam kiya?
q074,dev,ur-873935-0,خرم منظور نے کراچی اربن کے لیے ممبئی کے خلاف ون آف میچ میں سب سے زیادہ کتنے رنز بنائے تھے؟,How many runs did Khurram Manzoor score in the one-off match against Mumbai for Karachi Urban?,Khurram Manzoor ne Karachi Urban ke liye Mumbai ke khilaf One-Off Match mein sab se zyada kitne runs banaye the?,Khurram Manzoor ne Karachi Urban ke liye Mumbai kay khilaf One-Off Match mein sab se ziada kitne runs banaye thay?,Khurram Manzoor nay Karachi Urban k liye Mumbai ke khilaaf One-Off Match mein sab se zyada kitne runs banaye the?
q075,dev,ur-113274-0,گوادر بندرگاہ کی اہمیت کیا ہے؟,What is the significance of the Gwadar Port?,Gawadar Bandar gaah ki ahmiyat kia hai?,Gawadar Bandar gaah ki ahmiyat kya he?,Gwadar Bandar gah ki ahmiyat kya hai?
q076,dev,ur-361544-3,پانچواں ٹیسٹ میچ نیشنل اسٹیڈیم کراچی میں کب کھیلا گیا؟,When was the fifth test match played at National Stadium Karachi?,Paanchwa Test Match National Stadium Karachi mein kab khela gaya?,Panchwa Test Mech National Stedium Karachi main kab khela gaya?,Paanchwa Test Mech National Stadium Karachi mein kab khela gaya?
q077,dev,ur-5175-0,میان غلام شاہ کلہوڑو نے حیدرآباد کی بنیاد کب رکھی؟,When did Mian Ghulam Shah Kalhoro lay the foundation of Hyderabad?,Mian Ghulam Shah Kalhoro ne Hyderabad ki buniyad kab rakhi?,Miyan Ghulam Shah Kalhoro ne Hyderabad ki buniyad kab rakhi?,Mian Ghulam Shah KalahoRo nay Hyderabad ki buniyad kab rakhi?
q078,dev,ur-872481-1,نانگا پربت کے دامن تک پہنچنے کی موجودہ مشکل ترین راستے کون سے ہیں؟,What are the current most difficult routes to reach the base of Nanga Parbat?,Nanga Parbat ke daaman tak pohanchne ki mojooda mushkil tareen raste kaun se hain?,Nanga Parbat ke daman tak pohanchne ki mojooda mushkil tareen raste kon se hain?,Nanga Parbat ke daaman tak pohanchne ki mojooda mushkil tareen raaste kaun se hain?
q079,dev,ur-1036518-2,پنجاب میں 2018 کے انتخابات کے بعد کون وزیراعلیٰ منتخب ہوا؟,Who was elected as the Chief Minister after the 2018 elections in Punjab?,Punjab mein 2018 ke intikhabat ke baad kaun Wazir-e-Aala muntakhib hua?,Panjab main 2018 k intikhabat k baad kon Wazir-e-Aala muntakhib hua?,Panjab mein 2018 ke intikhabat ke baad kaun Wazir-e-Aala muntakhib hua?
q080,dev,ur-35987-2,کرنل (ر) خالد عباسی کس ادارے کے انچارج ہیں؟,Colonel (Retd) Khalid Abbasi is in charge of which institution?,Kernal (R) Khalid Abbasi kis idaray ke incharge hain?,Karnal (R) Khalid Abbasi kis idaray kay inchaarj hain?,Colonel (R) Khalid Abbasi kis idarayy ke inchaarj hain?
q081,dev,ur-10917-2,کیا عمران خان نے 2002ء میں جنرل پرویز مشرف کے ریفرنڈم کی حمایت کی تھی؟,Did Imran Khan support General Pervez Musharraf's referendum in 2002?,Kya Imran Khan ne 2002 mein General Pervez Musharraf ke referendum ki himayat ki thi?,Kia Imran Khan nay 2002 mein General Parvez Musharraf kay referendum ki himayat ki thi?,Kya Imran Khan nay 2002 mein General Pervez Musharraf ke referendum ki himayat ki thi?
q082,dev,ur-266762-0,کون سے دن کو کراچی سے کوٹری کی ریلوے لائن کا افتتاح ہوا؟,On which date was the railway line from Karachi to Kotri inaugurated?,Kon se din ko Karachi se Kotri ki railway line ka iftitah hua?,Kon say din ko Karachi se Kotri ki railway line ka iftitah hua?,Koun se din ko Karachi se Kotri ki railwe line ka iftitah hua?
q083,dev,ur-1074553-3,راولپنڈی میں برطانوی راج کے دور کی کونسی اہم خصوصیت موجود ہے؟,What is the significant feature of Rawalpindi during the British Raj era?,Rawalpindi mein Britaniya raaj ke dour ki konsi aham khususiyaat mojood hai?,Rawalpindi mein Bartaniya raj ke dor ki konsa aham khususiyaat mojood hai?,Rawalpindi main Bartania raaj ke daur ki kaunsi aham khususiyaat mojood hai?
q084,dev,ur-624-2,پاکستان میں سب سے زیادہ شرح خواندگی کس شہر میں ہے؟,In which city of Pakistan is the literacy rate the highest?,Pakistan mein sab se zyada shara khwandgi kis sheher mein hai?,Pakistan main sab se ziada shara khwandgi kis shehar mein hay?,Pakistan mein sab sey ziyada shara khwandgi kis shaher mein he?
q085,dev,ur-925800-0,"رام ناتھ شرما کی کتاب ""ہندوستان میں تاریخ تعلیم کی اقتباسات اور متن کی تلاش"" میں بینٹینک اور تعلیم پر کیا بحث کی گئی ہے؟",What discussion is presented about Bentink and education in Ram Nath Sharma's book 'Hindustan Mein Tareekh Taleem Ki Iqtibasat Aur Matn Ki Talaash'?,"Ram Nath Sharma ki kitaab ""Hindustan mein Tareekh Taleem ki Iqtibasat aur Matn ki Talaash"" mein Bentinck aur taleem par kya behas ki gayi hai?","Ram Nath Sharma ki kitaab ""Hindustan main Tareekh Taleem ki Iqtibasat aur Matn ki Talaash"" main Bentinck aur taleem par kia behas ki gayi hai?","Ram Nath Sharma ki kitaab ""Hindustan mein Tareekh Taleem ki Iqtibasat aur Matn ki Talaash"" mein Bentinck aur taleem par kya behas ki gayi he?"
q086,dev,ur-792780-0,عمران خان کو کتنے مواقعوں پر پلیئر آف دی میچ کے اعزازات دیے گئے؟,How many times was Imran Khan awarded the Player of the Match?,Imran Khan ko kitnay moqon par Player of the Match ke aizaazat diye gaye?,Imran Khan ko kitne moqon par Player of the Match ke izazat diye gaye?,Imran Khan ko kitnay moqon par Player of the Match ke aijazat diye gaye?
q087,dev,ur-353102-2,بے نظیر بھٹو نے کس پروگرام کی میزبانی کی تھی؟,Which program did Benazir Bhutto host?,Benazir Bhutto ne kis programme ki maizbani ki thi?,Bainazeer Bhutto nay kis program ki mezbaani ki thi?,Bainazeer Bhutto ney kis programme ki mezbani ki thi?
q088,dev,ur-97744-0,کیا قائم علی شاہ نے کراچی سرکلر ریلوے کی بحالی کے لیے کوئی منصوبہ منظور کیا؟,Did Qaim Ali Shah approve any project for the restoration of Karachi Circular Railway?,Kya Qaim Ali Shah ne Karachi Circular Railway ki bahali ke liye koi mansooba manzoor kiya?,Kia Qaim Ali Shah ne Karachi Circular Railway ki bahaali ke liye koi mansuba manzoor kia?,Kyaa Qaim Ali Shah ne Karachi Circular Railway ki bahaali ke liye koi mansooba manzoor kiya?
q089,dev,ur-625176-0,تریشنگ کے ٹیلے پر مقامی لوگوں نے اپنے دفاع کے لئے کیا تعمیر کیا؟,What did the local people construct for their defense on the Trashing mound?,Trishing ke telle par maqami logon ne apne difa ke liye kya tameer kiya?,Trishing ke tayle par maqami logon ne apne difaa ke liye kya tameer kiya?,Tresing ke taylay par makami logon ne apne difa ke liye kya tameer kiya?
q090,dev,ur-361731-3,1970ء میں بی سی سی پی ٹرافی کا نام تبدیل کرنے کی خاص وجہ کیا تھی؟,What was the specific reason for renaming the BCCP Trophy in 1970?,1970 mein BCCP Trophy ka naam tabdeel karne ki khaas wajah kya thi?,1970 mein BCCP Trophy ka naam tabdeel karne ki khaas wajah kia thi?,1970 mein BCCP Trophy ka naam tabdeel karne ki khaas wajah kyaa thi?
q091,dev,ur-437388-2,پیو ریسرچ کے مطابق 2050ء میں پاکستان کی ہندو آبادی کا تناسب کتنے فیصد ہوگا؟,"According to Pew Research, what percentage will the Hindu population of Pakistan be in 2050?",Pew Research ke mutabiq 2050 mein Pakistan ki Hindu aabadi ka nisb kitne feesad hoga?,Pyu Research ke mutabiq 2050 main Pakistan ki Hindu abadi ka nisb kitne feesad hoga?,Pew Research ke mutabiq 2050 may Pakistan ki Hindu aabadi ka nisb kitne fisad hoga?
q092,dev,ur-330382-1,ونڈسر انٹاریو میں مارچ 2023 میں منعقد ہونے والے مشاعرے کے منتظم کون تھے؟,"Who organized the poetry event in Windsor, Ontario in March 2023?",Windsor Ontario mein March 2023 mein munaqid hone wale mushaira ke munazzim kaun the?,Windsar Ontario mein March 2023 mein munaqid hone wale mushaera ke munazzim kaun the?,Windsor Ontareo mein March 2023 mein munaqid hone wale mushaira ke munazzim kon thay?
q093,dev,ur-953222-2,فیض محمد بلوچ نے بلوچی موسیقی میں جدیدیت کا انقلاب کب برپا کیا؟,When did Faiz Muhammad Baloch revolutionize modernity in Balochi music?,Faiz Muhammad Baloch ne Balochi moseeqi mein jadeediyat ka inqilab kab barpa kiya?,Faiz Mohammad Baloch nay Balochi moseeqi main jadeediyat ka inqilab kab barpa kia?,Faiz Muhammad Baloch nay Balochi moseeqi mein jadeediyat ka inqilab kab barpa kiya?
q094,dev,ur-1041496-3,کس پاکستانی صدر کے دور میں قراقرم یونیورسٹی کی بنیاد رکھی گئی تھی؟,During the tenure of which Pakistani president was the Karakoram University founded?,Kis Pakistani saddar ke daur mein Karakoram University ki buniyad rakhi gayi thi?,Kis Pakistani sadar k daur main Karakoram University ki buniyad rakhi gayi thi?,Kis Pakistani sadr ke dor mein Karakoram University ki buniyad rakhi gayi thi?
q095,dev,ur-67368-0,کس مجوزہ ترمیم کے تحت گورنر اسٹیٹ بینک کو مکمل آزادی اور بے جا اختیارات دیے جا رہے ہیں؟,Under which proposed amendment is the State Bank Governor being granted complete independence and unchecked powers?,Kis mujawizah tarmeem ke tehat governor state bank ko mukammal azaadi aur be-ja ikhtiyaarat diye ja rahe hain?,Kis majoozah tareem ke tehat governor state bank ko mukammal azaadi aur be-ja ikhtiyaarat diye ja rahe hain?,Kis mujawizah tarmeem ke tehet governor state bank ko mukammal azadi aur be-ja ikhtiyaaraat diye ja rahe hain?
q096,dev,ur-101333-2,تنظیم المدارس پاکستان کا کون سا امتحانی بورڈ ہے جو اہلسنت و جماعت بریلوی کے دینی مدارس کے طلبہ سے امتحان لیتا ہے؟,Which examination board in Pakistan conducts exams for students of Ahle Sunnat Wal Jamaat Barelvi religious schools?,Tanzeem ul Madaris Pakistan ka kon sa imtehani board hai jo Ahle Sunnat Wal Jamaat Barelvi ke deeni madaris ke talaba se imtihan leta hai?,Tanzeem ul Madaris Pakistan ka kon sa imtehani bord hai jo Ahle Sunnat Wal Jamat Barelvi ke deeni madaris ke talba se imtihan leta hai?,Tanzeem ul Madaris Pakistan ka kon sa imtihani board hai jo Ahle Sunnat Wal Jamaat Barelvi ke deeni madaris ke talaba se imtehan leta hai?
q097,dev,ur-2316309-2,کراچی سرکلر ریلوے کو کس نے پاک چین اقتصادی راہداری میں شامل کیا؟,Who included the Karachi Circular Railway in the China-Pakistan Economic Corridor?,Karachi Circular Railway ko kis ne Pak Cheen Iqtisadi Rahdari mein shaamil kiya?,Karachi Circular Railway ko kis nay Pak Cheen Iqtisadi Rahdaari mein shamil kiya?,Karachi Circular Railway ko kis ne Pak Cheen Iqtisadi Rahedari main shaamil kia?
q098,dev,ur-1030613-0,زیرو پوائنٹ اسلام آباد میں محکمہ موسمیات کا دفتر کہاں واقع ہے؟,"Where is the Meteorological Department office located in Zero Point, Islamabad?",Zero Point Islamabad mein mehakma-e-mosamiyat ka daftar kahan waqey hai?,Zero Point Islamabad main mehakma-e-mosamiyat ka daftar kahan waqay hai?,Zero Point Islamabad may mehakma-e-mosamiyat ka daftar kahan waqey hai?
q099,dev,ur-582563-2,سدھیر نے اپنی چوتھی شادی کس فلمی اداکارہ سے کی جو بعد میں محمد علی سے شادی کرلی؟,"Which film actress did Sudhir marry for his fourth marriage, who later married Mohammad Ali?",Sudhir ne apni chothi shadi kis filmi adakara se ki jo baad mein Muhammad Ali se shadi kar li?,Sudheer ne apni chothi shaadi kis filmi adakara se ki jo baad main Muhammad Ali se shadi kar li?,Sudhir nay apni choothi shadi kis filmii adaakara se ki jo baad mein Mohammad Ali se shaadi kar li?
q100,test,ur-17072-3,جامعہ پنجاب کی قدیم ترین حیثیت کا کیا ثبوت ہے؟,What proof establishes the University of the Punjab as the oldest university in Pakistan?,Jamia Punjab ki qadeem tareen haisiyat ka kya saboot hai?,Jamia Panjab ki qadeem tareen haisiyat ka kia saboot he?,Jamia Punjab ki qadeem tareen haisiyat ka kyaa saboot hay?
q101,test,ur-101333-0,تنظیم المدارس کے تحت کون سے تعلیمی اسناد جاری کی جاتی ہیں؟,What educational certificates are issued under Tanzim-ul-Madaris?,Tanzeem-ul-Madaris ke tehat kaun se taleemi asnaad jaari ki jaati hain?,Tanzeem-ul-Madaris ke tehat kon se taleemi asnaad jari ki jati hain?,Tanzeem-ul-Madaris k tehat kaun se taleemi asnaad zaaari ki jaati hain?
q102,test,ur-21324-0,کراچی اسٹاک ایکسچینج 100 انڈیکس کب سب سے زیادہ سطح پر پہنچا تھا؟,When did the Karachi Stock Exchange 100 index reach its highest level?,Karachi Stock Exchange 100 index kab sab se zyada satah par pohancha tha?,Karachi Stock Exchange 100 index kub sab se ziyada satah par pohancha tha?,Karachi Stock Exchange 100 index kab sab se zyada sathe par pohancha tha?
q103,test,ur-436456-0,2018 کے پی ایس ایل کا ترانہ کس نے گایا؟,Who sang the anthem for the 2018 PSL?,2018 ke PSL ka tarana kis ne gaya?,2018 ke PSL ka tarana kis nay gaya?,2018 k PSL ka tarana kis ne gaya?
q104,test,ur-48969-1,مغلیہ سلطنت کے پہلے بادشاہ بابر نے کن شہروں میں باغات تعمیر کروائے؟,In which cities did the first Mughal emperor Babur construct gardens?,Mughliya Saltanat ke pehle badshah Babur ne kin shehron mein baghat tameer karwaye?,Mughliya Saltanat kay pehlay badshah Babur nay kin shehron mein baghat tameer karwaye?,Mughliya Saltanat ke pehle badshah Babur ne kin shehron mein bagat tameer karwaye?
q105,test,ur-1569-1,مغلیہ سلطنت کے قانونی نظام میں کس شخصیت کا کردار اسلامی قانون کے اداروں کے قیام میں اہم تھا؟,Which personality played a key role in establishing Islamic legal institutions in the Mughal Empire's legal system?,Mughliya Saltanat ke qanooni nizam mein kis shaksiyat ka kirdar Islami qanoon ke idaron ke qiyam mein ahem tha?,Mughliya Saltanat kay qanooni nizam mein kis shaksiyat ka kirdar Islami qanoon ke idaron ke qayam mein ahem tha?,Mughliya Saltanat ke qanooni nizaam mein kis shakhsiyat ka kirdar Islami qanoon ke idaron ke qiyaam mein ahem tha?
q106,test,ur-882641-1,مولانا غلام مرشد کو بادشاہی مسجد کے خطیب کے طور پر کس نے منتخب کیا؟,Who selected Maulana Ghulam Murshid as the Khatib of Badshahi Mosque?,Maulana Ghulam Murshid ko Badshahi Masjid ke khateeb ke tor par kis ne mukhtaar kya?,Molana Ghulam Murshid ko Badshahi Masjid ke khateeb ke tor par kis ney mukhtar kia?,Maulana Ghulam Murshid ko Badshahi Masjid ke khateeb ke tour par kis ne mukhtaar kia?
q107,test,ur-907785-1,تراوان کور کے سکوں پر کس بادشاہ کا اشارہ ملا ہے؟,Which king's emblem is found on the coins of Travancore?,Travancore ke sikon par kis badshah ka ishaara mila hai?,Travankor ke sikon par kis badshah ka ishara mila hai?,Travancore ke sikon par kis badshah ka ishara mila hai?
q108,test,ur-47657-1,پشاور میں 13 نومبر 2009ء کو آئی ایس آئی کے دفتر پر حملے میں کتنے افراد ہلاک ہوئے؟,"How many people were killed in the attack on the ISI office in Peshawar on November 13, 2009?",Peshawar mein 13 November 2009 ko ISI ke daftar par hamlay mein kitnay afrad halaak huay?,Peshawar main 13 November 2009 ko ISI ke daftar par hamlay mein kitne afraad halaak hue?,Peshawar mein 13 November 2009 ko ISI ke daftar par hamlay main kitnay afraad halaak huay?
q109,test,ur-52717-0,"کتاب ""تجدید التفکیر الدینی فی السلام"" کا عربی ترجمہ کس نے کیا؟","Who translated the book ""Tajdid al-Tafkir al-Dini fi al-Islam"" into Arabic?","Kitaab ""Tajdeed al-Tafkeer al-Deeni fi Islam"" ka Arabi tarjuma kis ne kia?","Kitaab ""Tajdeed al-Tafkeer al-Deeni fi Islam"" ka Arabi tarjuma kis ne kiya?","Kitab ""Tajdeed al-Tafkeer al-Deeni fi Islam"" ka Arabi tarjuma kis ne kya?"
q110,test,ur-5344-3,ولی کا محبوب کون سے ناموں سے پکارا جاتا ہے؟,What names is Wali's beloved called by?,Wali ka mehboob kon se namon se pukara jata hai?,Wali ka mahboob kon se naamon se pukara jata hai?,Wali ka mehboob kon say namon se pukara jata hai?
q111,test,ur-59053-2,فیصل آباد میں سعید اجمل انٹرنیشنل کرکٹ اکیڈمی کہاں واقع ہے؟,Where is the Saeed Ajmal International Cricket Academy located in Faisalabad?,Faisalabad mein Saeed Ajmal International Cricket Academy kahan waqia hai?,Faisalabad mein Saeed Ajmal International Cricket Academy kahan waaqia he?,Faisalabad main Saeed Ajmal International Cricket Academy kahan waqia hay?
q112,test,ur-1181674-1,تیسرے ون ڈے کے دوران ہاشم آملہ اور اے بی ڈیویلیئرز نے کس ریکارڈ کے لیے نئی شراکت قائم کی؟,"During the third ODI, what record did Hashim Amla and AB de Villiers set for their partnership?",Tisray one day ke doran Hashim Amla aur AB de Villiers ne kis record ke liye nai shiraakat qaim ki?,Tisray one day ke doran Hashim Amla aur AB de Villiers ne kis record ke liye naye shiraqat qayim ki?,Tisray one day ke doran Hashim Amla aur AB de Villiers ne kis record ke liye nai shirakat qaim ki?
q113,test,ur-1175192-1,کراچی انٹرنیشنل کنٹینر ٹرمینل کونسی برتھ پر واقع ہے؟,On which berth is the Karachi International Container Terminal located?,Karachi International Container Terminal konsi berth par waqia hai?,Karachi International Container Terminal kaunsi berth par waqia hai?,Karachi International Container Terminal konsi berth per waqia hai?
q114,test,ur-680238-1,کس سیاسی جماعت نے نواز شریف کی کابینہ میں شامل ہونے سے انکار کیا؟,Which political party refused to join Nawaz Sharif's cabinet?,Kis siyasi jamaat ne Nawaz Sharif ki cabinet main shamil hone se inkar kiya?,Kis siyasi jamat ne Nawaz Shareef ki cabinet mein shamil hone se inkaar kia?,Kis siasi jamaat nay Nawaz Sharif ki cabnet mein shaamil honay se inkar kiya?
q115,test,ur-907794-0,برما میں جاپانی حملے سے پہلے کونسی کرنسی گردش میں تھی؟,Which currency was in circulation in Burma before the Japanese invasion?,Burma mein Japani hamlay say pehlay konsi karansi gardish mein thi?,Burma men Japani hamlay se pehle kaunsi currency gardish mein thi?,Burma main Japani hamle se pehlay konsi karansi gardish mayn thi?
q116,test,ur-112009-0,کوئٹہ ریلوے اسٹیشن پاکستان کے کتنے اونچے ریلوے اسٹیشنوں میں سے ایک ہے؟,How high is the Quetta Railway Station among Pakistan's railway stations?,Quetta Railway Station Pakistan ke kitne oonche Railway Stationon mein se ek hai?,Kuwaita Railway Station Pakistan kay kitnay oonche Railway Stationon mein se aik hai?,Kuweta Railway Station Pakistan ke kitne unche Railway Stationon mein se aik hai?
q117,test,ur-361544-0,پاکستان اور بھارت کے درمیان پہلی کرکٹ سیریز کا پہلا ٹیسٹ میچ کہاں کھیلا گیا؟,Where was the first Test match of the first cricket series between Pakistan and India played?,Pakistan aur Bharat ke darmiyan pehli cricket series ka pehla test match kahan khela gaya?,Pakistan aur Bharat ke darmiyan pehli cricket series ka pehla test mecz kahan kheyla gaya?,Pakistan aur Bharat ke darmiyan pehli kriket series ka pehla test match kahan khela giya?
q118,test,ur-100774-3,سندھ کی صوبائی اسمبلی میں کل کتنی نشستیں ہیں؟,How many total seats are there in the Sindh Provincial Assembly?,Sindh ki Soobai Assembly mein kul kitni nishistain hain?,Sindh ki Subai Assembly mein kul kitni nashistain hain?,Sindh ki Soobai Assembly mein kul kitni nishistain hein?
q119,test,ur-844959-0,سندھ کوہستان کے پہاڑی سلسلوں میں مقیم قبائلی گروہ کی بنیادی شناخت کیا ہے؟,What is the primary identity of the tribal group residing in the mountain ranges of Sindh Kohistan?,Sindh Kohistan ke pahari silsilon mein maqeem qabaili groh ki buniyadi shanakht kya hai?,Sindh Kohistan k pahari silsilon mein maqeem qabaili group ki buniyadi shanakht kia hai?,Sindh Kohistan ke pahari silsilon mein maqeem qabaili group ki bunyadi shanakht kyaa he?
q120,test,ur-372130-1,1992 کے کرکٹ عالمی کپ کے فائنل میں کس پاکستانی گیندباز نے ہیٹ ٹریک کی؟,Which Pakistani bowler took a hat-trick in the final of the 1992 Cricket World Cup?,1992 ke cricket aalmi cup ke final mein kis Pakistani gaindbaaz ne hat-trick ki?,1992 kay cricket aalamii cup kay final mein kis Pakistani gaindbaz ne hat-trick ki?,1992 k cricket aalamii cup ka final mein kis Pakistani gaindbaz ne hat-trick ki?
q121,test,ur-442490-1,محمد اکبر خان اکبر کی کتاب 'جادونگری میں اذان' سری لنکا کے کس پہلو کا مشاہدہ پیش کرتی ہے؟,What aspect of Sri Lanka is observed in Muhammad Akbar Khan Akbar's book 'Jadoonagri Main Azaan'?,Mohammad Akbar Khan Akbar ki kitab 'Jadunagri mein Azaan' Sri Lanka ke kis pehlu ka mushaahida pesh karti hai?,Mohammad Akbar Khan Akbar ki kitab 'Jadunagri mein Azan' Sri Lanka ke kis pehlu ka mushaahida pesh karti hai?,Muhammad Akbar Khan Akbar ki kitab 'Jadunagri main Azaan' Sri Lanka ke kis pehlu ka mushaahida pesh karti hai?
q122,test,ur-1078597-1,براہوی نسلی گروہ بنیادی طور پر پاکستان کے کس علاقے میں پایا جاتا ہے؟,In which region of Pakistan is the Brahui ethnic group primarily found?,Brahui nasli groh bunyadi tor par Pakistan ke kis ilaqe mein paya jata hai?,Brahui nasli groh bunyadi tor par Pakistan ke kis elaqe mein paya jata hai?,Brahui nasli groh bunyadi tor par Pakistan ke kis ilaqay mein paya jata hai?
q123,test,ur-49440-3,موہنجودڑو سے کس قدیم تہذیب کے شاہکار دریافت ہوئے ہیں؟,Which ancient civilization's artifacts were discovered in Mohenjo-daro?,Mohenjo-daro se kis qadeem tehzeeb ke shahkaar daryaft hue hain?,Mohanjodaro se kis qadeem tehzeeb ke shahkar daryaft hue hain?,Mohanjo-daro se kis qadeem tehzeeb k shahkar daryaft hue hain?
q124,test,ur-2362572-2,مغلیہ سلطنت میں میر بخشی کا کیا کردار ہوتا تھا؟,What was the role of the Mir Bakshi in the Mughal Empire?,Mughliya Saltanat mein Mir Bakshi ka kya kirdar hota tha?,Mughliya Saltanat mein Mir Bakhshi ka kya kirdar hota tha?,Mughliya Saltanat main Mir Bakhshi ka kia kirdar hota tha?
q125,test,ur-714835-3,جنرل جہانگیر کرامت نے کب اپنی سروس شروع کی؟,When did General Jahangir Karamat begin his service?,General Jahangir Karamat ne kab apni service shuru ki?,Genral Jahangir Karamat nay kab apni service shuru ki?,Jenral Jahangir Karamat ne kab apni sarvice shuru ki?
q126,test,ur-509970-2,جنرل اقبال خان نے کس عہدے پر 1980ء سے 1984ء تک خدمات سرانجام دیں؟,What position did General Iqbal Khan hold from 1980 to 1984?,General Iqbal Khan ne kis ohde par 1980 se 1984 tak khidmaat saranjam deen?,General Iqbal Khan ne kis ohde par 1980 say 1984 tak khidmaat saranjam din?,General Iqbal Khan nay kis ohday par 1980 se 1984 tak khidmaat saranjam deen?
q127,test,ur-1028628-3,عمران ریاض خان کے وکیل میاں علی اشفاق نے ان کی گرفتاری کی تصدیق کب کی؟,"When did Imran Riaz Khan's lawyer, Mian Ali Ashfaq, confirm his arrest?",Imran Riaz Khan ke wakeel Mian Ali Ashfaq ne unki giraftari ki tasdeeq kab ki?,Imran Riaz Khan ke vakeel Mian Ali Ashfaq ne unki giraftaari ki tasdeeq kab ki?,Imran Riaz Khan ke wakeel Mian Ali Ashfaq ne unki giraftari ki tasdeq kab ki?
q128,test,ur-1008672-2,پروفیسر وسنت شندے کے مطابق تندوری چکن کے ابتدائی شواہد کس تہذیب میں ملے ہیں؟,"According to Professor Vasant Shinde, in which civilization were the early evidences of Tandoori Chicken found?",Professor Vasant Shinde ke mutabiq tandoori chicken ke ibtidaai shawaahid kis tehzeeb mein mile hain?,Professer Vasant Shinde ke mutabiq tandoori chicken k ibtidaai shawaahid kis tehzeeb main mile hain?,Professor Vasant Shinde kay mutabiq tandoori chicken ke ibtidaai shawaahid kis tehzeeb mein mily hain?
q129,test,ur-116434-3,2018ء میں وفاق کے زیر انتظام قبائلی علاقوں کو کس صوبے میں ضم کیا گیا تھا؟,"In 2018, into which province were the Federally Administered Tribal Areas integrated?",2018 mein wafaq ke zair intizam qabalai ilaqon ko kis soobay mein zam kiya gaya tha?,2018 main wafaq ke zair intezam qabaili ilaqon ko kis soobay mein zam kiya gaya tha?,2018 mein wafaq kay zair intizam qabaili ilaqon ko kis soobay main zam kiya gaya tha?
q130,test,ur-109192-2,کون سا کپتان پاکستان قومی کرکٹ ٹیم کو 1992ء کے عالمی کپ میں کامیابی دلانے والا ہے؟,Which captain led the Pakistan national cricket team to victory in the 1992 World Cup?,Kon sa captain Pakistan qaumi cricket team ko 1992 ke aalamii cup mein kaamiyabi dilaane wala hai?,Kon sa kaptaan Pakistan qaumi cricket team ko 1992 ke aalamii cup mein kamiyabi dilane wala hay?,Kon sa kaptaan Pakistan qaumi cricket team ko 1992 ke aalamii cup mein kamiyabi dilane wala hai?
q131,test,ur-10472-1,کوئٹہ کے اطراف میں کون سے پہاڑ واقع ہیں؟,Which mountains are located around Quetta?,Quetta ke aitraaf mein kon se pahaar waqia hain?,Quetta ke itraf mein kaun se pahaar waqia hain?,Quetta kay atraf main kon se pahaar waqia hain?
q132,test,ur-743362-1,کس سال میں لاہور ٹیم نے پاکستان کی فرسٹ کلاس کرکٹ میں حصہ لینا شروع کیا؟,In which year did the Lahore team start participating in Pakistan's first-class cricket?,Kis saal mein Lahore team ne Pakistan ki first class cricket mein hissa lena shuru kiya?,Kis saal mein Lahore team nay Pakistan ki first class cricket mein hissa lena shuru kiya?,Kis saal main Lahore team ne Pakistan ki first class cricket mein hissa lena shuru kiya?
q133,test,ur-772563-0,آئین پاکستان میں بارہویں ترمیم کے تحت کون سی شق متعارف کروائی گئی اور اس کا مقصد کیا تھا؟,What clause was introduced under the Twelfth Amendment to the Constitution of Pakistan and what was its purpose?,Aaeen Pakistan mein barhween tarmeem ke tehat kaun si shiq mutaaraf karwayi gayi aur is ka maqsad kya tha?,Aaeen Pakistan main baarhween tarmeem ke tehat kaun si shiq mutaaraf karwayi gayi aur is ka maqsad kya tha?,Aaeen Pakistan mein barhwen tarmeem kay tehat kaun si shiq mutaaraf karwayi gayi aur is ka maqsad kya tha?
q134,test,ur-12641-3,"تیمور نے ایران پر ""یورش سہ سالہ"" کے دوران کون سے علاقے فتح کیے؟",Which regions did Timur conquer during the 'Three-Year Raid' in Iran?,"Taimoor ne Iran par ""Yorish Saalha"" ke doran kon se ilaqay fatah kiye?","Taimur nay Iran par ""Yurish Saalha"" k doran kon say ilaqe fatah kiye?","Taimor ne Iran par ""Yorash Saalha"" ke doran kon se ilaqay fatah kiye?"
q135,test,ur-714246-3,مشرقی بلوچی میں استعمال ہونے والے بندشی حروف کن الفاظ کے ساتھ خاص دھماکے سے بولے جاتے ہیں؟,Which words are articulated with a particular explosive sound in Eastern Balochi dialect?,Mashriqi Balochi mein istemaal hone walay bandshi huroof kin alfaz ke sath khas dhamakay se bolay jatay hain?,Mashriqi Balochi mein istemal hone wale bandshi haroof kin alfaz ke sath khas dhamaky se bolay jatay hain?,Mashriqi Balochi mein istemal hone wale bandshi haroof kin alfaz ke sath khas dhamakay se bolay jate hain?
q136,test,ur-1143910-1,پاکستان کی سرزمین کو دریائے سندھ اور کونسی پہاڑی سلسلوں نے تشکیل دیا؟,"Which mountain ranges, along with the Indus River, have shaped the land of Pakistan?",Pakistan ki sarzamin ko darya-e-Sindh aur kaunsi pahari silsilon ne tashkeel diya?,Pakistan ki sarzameen ko darya-e-Sindh aur konsi pahari silsilon ne tashkeel diya?,Pakistan ki sarzamin ko darya-e-Sindh aur kaunsi pahari silselon ne tashkeel diya?
q137,test,ur-11538-0,کس اطالوی کوہ پیماؤں نے 31 جولائی 1954ء کو کے ٹو کو پہلی بار سر کیا؟,"Which Italian climbers first scaled K2 on July 31, 1954?",Kis Ataliyi Koh Pemaon ne 31 July 1954 ko K2 ko pehli baar sar kiya?,Kis Italian Koh Pemaon nay 31 July 1954 ko K2 ko pehli bar sar kiya?,Kis Ataliy Ko Pemaon ne 31 July 1954 ko K2 ko pehli baar sar kiya?
q138,test,ur-17795-0,بروڈ پیک کو سب سے پہلے کب اور کس نے سر کیا؟,When and by whom was Broad Peak first ascended?,Broad Peak ko sab se pehle kab aur kis ne sar kiya?,Brood Peak ko sab say pehle kab aur kis nay ser kiya?,Brood Peik ko sab se pahle kab aur kis ne sar kiya?
q139,test,ur-68239-0,1857 کی جنگ آزادی کے بعد بہادر شاہ ظفر کا کیا انجام ہوا؟,What happened to Bahadur Shah Zafar after the Indian Rebellion of 1857?,1857 ki jung azaadi ke baad Bahadur Shah Zafar ka kia anjaam hua?,1857 ki jang azadi ke baad Bahadur Shah Zafar ka kya anjam hua?,1857 ki jung aazaadi ke baad Bahadur Shah Zafar ka kyaa anjaam hua?
q140,test,ur-2423284-0,مہرجہرہ کی تہذیب کب تک جاری رہی؟,How long did the Mehrgarh civilization last?,Mehrjherah ki tehzeeb kab tak jari rahi?,Mehrjherah ki tehzeeb kab tuk jaari rahi?,Mehrjhera ki tehzeeb kab tak jari rahi?
q141,test,ur-103561-1,علامہ تصدق حسین گل گولڑوی کی نمازِ جنازہ کہاں ادا کی گئی تھی؟,Where was the funeral prayer of Allama Tasadduq Hussain Gul Golravi held?,Alama Tasadduq Hussain Gul Golravi ki namaz-e-janaza kahan ada ki gayi thi?,Allama Tasadduq Hussain Gul Golravi ki namaz-e-jinaza kahan ada ki gayi thi?,Alama Tasadduq Hussain Gul Golravi ki namaz-e-janaza kahan ada ki gai thi?
q142,test,ur-1106080-0,عبدالحفیظ کاردار نے کس کھلاڑی کو 'کھیل کا سب سے پختہ اوپنر' کہا؟,Which player did Abdul Hafeez Kardar refer to as 'the most solid opener' in the game?,Abdul Hafeez Kardar ne kis khiladi ko 'khel ka sab se pukhta opener' kaha?,Abdul Hafeez Kardar nay kis khiladi ko 'khel ka sab se pukhtha opener' kaha?,Abdul Hafeez Kardar ne kis khiladi ko 'khel ka sab se pokhta opener' kaha?
q143,test,ur-97916-3,2020 میں عالمی معیشت میں کتنے فیصد کمی آئی تھی؟,By what percentage did the global economy decline in 2020?,2020 mein aalmi maeeshat mein kitne feesad kami aayi thi?,2020 mein aalmi maeeshat mein kitnay feesad kami ayee thi?,2020 main aalmi maeeshat main kitnay feesad kami aai thi?
q144,test,ur-51715-2,پاکستان میں اسٹیبلشمنٹ کا کردار کس ادارے سے منسلک ہے؟,Which institution is associated with the role of the establishment in Pakistan?,Pakistan mein establishment ka kirdar kis idaray se munsalik hai?,Pakistan main eshtablishment ka kirdar kis idaray say munsalik hai?,Pakistan mein eshtablisment ka kirdar kis idaray se mansalik hai?
q145,test,ur-17715-1,ٹائم رسالہ نے خبروں اور کہانیوں کی پیشکش میں کون سا منفرد انداز اپنایا تھا؟,What unique approach did Time magazine adopt in presenting news and stories?,Time risala ne khabron aur kahaniyon ki peshkash mein kon sa munfarid andaz apnaya tha?,Time risala ne khabron aur kahaniyon ki peshkash main kaun sa munfarid andaz apnaya tha?,Time risala ne khabron aur kahaniyon ki peshkash me kaun sa munfarid andaz apnaya tha?
q146,test,ur-821758-2,کون سی جرمن کمپنی نے حال ہی میں واپڈا کے لیے تربیلا 4 مکمل کیا ہے؟,Which German company recently completed Tarbela 4 for WAPDA?,Kon si German company ne haal hi mein WAPDA ke liye Tarbela 4 mukammal kiya hai?,Kaun si German company ne hal hi mein WAPDA ke liye Tarbela 4 mukammal kiya hai?,Koun si German company ne haal hi mein WAPDA ke liye Tarbela 4 mukammal kiya hai?
q147,test,ur-1175192-0,کراچی پورٹ ٹرسٹ کس شہر میں واقع ہے؟,In which city is the Karachi Port Trust located?,Karachi Port Trust kis sheher mein waqay hai?,Karachi Port Trust kis sheher main waqay hai?,Karachi Port Trust kis shehar mein waqay hai?
q148,test,ur-121394-0,پاکستان سنی تحریک کا اصل نام کیا تھا؟,What was the original name of Pakistan Sunni Tehreek?,Pakistan Sunni Tehreek ka asal naam kya tha?,Pakistan Sunni Tehreek ka asal naam kia tha?,Pakistan Sunni Tehreek ka asal naam kyaa tha?
q149,test,ur-437330-1,2016ء لاہور خودکش دھماکے میں کتنے بچے جاں بحق ہوئے؟,How many children died in the 2016 Lahore suicide bombing?,2016 Lahore khudkash dhamakay mein kitnay bache jaan bahaq hue?,2016 Lahore khudkash dhamakay mein kitne bachay jaan bahaq hue?,2016 Lahore khudkash dhamake mein kitnay bache jaan bhaq hue?
q150,test,ur-109948-3,موہنجوداڑو کی تہذیب میں استعمال ہونے والا معیاری اوزان اور پیمائش کا نظام کیا تھا؟,What was the standardized system of weights and measures used in the civilization of Mohenjo-daro?,Mohanjodaro ki tehzeeb mein istemal hone wala meyaari auzaan aur paimaish ka nizaam kya tha?,Mohanjodaro ki tehzeeb mein istemal hone wala mayari wazaan aur paimaish ka nizaam kya tha?,Mohanjodaro ki tehzeeb mein istemal honay wala meyaari auzan aur paimaish ka nizaam kia tha?
q151,test,ur-436452-2,پشاور زلمی کے موجودہ کپتان کا نام کیا ہے؟,What is the name of the current captain of Peshawar Zalmi?,Peshawar Zalmi ke mojooda captain ka naam kya hai?,Peshawar Zalmi ke mojooda captain ka naam kia he?,Peshawar Zalmi ke mojooda captain ka naam kyaa hay?
q152,test,ur-919246-2,ٹیکسلا میں انگولیمالا نے تعلیم کہاں سے حاصل کی؟,Where did Angulimala receive his education in Taxila?,Taxila mein Angulimala ne taleem kahan se hasil ki?,Takshila mein Angulimala ne taleem kahan se hasil ki?,Taxila mein Angulimala ne taleem kahaan se hasil ki?
q153,test,ur-5351-1,اسلوب احمد انصاری کی نظر میں حسرت کی شاعری میں کون سی خصوصیات نمایاں ہیں؟,What are the distinctive features of Hasrat's poetry according to Asloob Ahmad Ansari?,Asloob Ahmad Ansari ki nazar mein Hasrat ki shayari mein kon si khasusiyat numayan hain?,Asloob Ahmad Ansari ki nazar main Hasrat ki shairi mein kon si khususiyaat numayan hain?,Asloob Ahmad Ansari ki nazar mein Hasrat ki shairi mein kon si khasusiyat namayan hain?
q154,test,ur-521278-1,"کون سی پاکستانی مصنفہ ہے جو ""میرا سائیں"" نامی ناول کی مصنفہ ہیں جس کا کئی زبانوں میں ترجمہ ہوا؟","Which Pakistani author wrote the novel ""My Feudal Lord"" that has been translated into multiple languages?","Kon si Pakistani musannif hai jo ""Mera Sain"" nami novel ki musannif hain jis ka kai zubanon mein tarjuma hua?","Koun si Pakistani musannif hai jo ""Mera Saain"" nami novel ki musannif hain jis ka kay zubanon mein tarjuma hua?","Kon see Pakistani musannif hai jo ""Mera Saeen"" nami novel ki musannif hain jis ka kai zubanon mein tarjuma hua?"
q155,test,ur-1130163-1,بلاول بھٹو زرداری نے کس حملے کی مذمت کی؟,Which attack did Bilawal Bhutto Zardari condemn?,Bilawal Bhutto Zardari ne kis hamlay ki muzammat ki?,Bilawal Bhutto Zardari nay kis hamlay ki muzammat ki?,Bilawal Bhutto Zardari ne kis hamle ki muzammat ki?
q156,test,ur-10571-3,ضلع سوات کی 1998ء کی مردم شماری کے مطابق کل آبادی کتنی تھی؟,What was the total population of District Swat according to the 1998 census?,Zila Swat ki 1998 ki mardam shumari kay mutabiq kul abadi kitni thi?,Zila Swat ki 1998 ki mardam shumari ke mutabiq kul abadi kitni thi?,Zilla Swat ki 1998 ki mardam shumari kay mutabiq kul abadi kitni thi?
q157,test,ur-9520-1,محترمہ کس تاریخ کو پاکستان واپس آئیں تھیں؟,On what date did Mohtarma return to Pakistan?,Mohtarma kis tareekh ko Pakistan wapas aayen thiin?,Mohtarma kis tareekh ko Pakistan wapas ayen theen?,Mohtarma kis tareekh ko Pakistan wapas aayin thii?
q158,test,ur-343145-1,سندھ میں علی مراد کے مقام پر کون سی دیوار ملی ہے؟,What wall was found at Ali Murad in Sindh?,Sindh mein Ali Murad ke maqam par kon si deewar mili hai?,Sindh main Ali Murad ke maqam par kon si deewar mili hay?,Sindh may Ali Murad ke maqam par kaun si deewar mili he?
q159,test,ur-116761-2,پاکستان کے اقتصادی ماہرین کے مطابق کس صدی میں پاکستان کی معیشت دنیا کی سب سے بڑی معیشتوں میں شامل تھی؟,"According to Pakistan's economic experts, in which century was Pakistan's economy among the largest in the world?",Pakistan ke iqtisaadi maharin ke mutabiq kis sadi mein Pakistan ki maeeshat duniya ki sab se barri maeeshaton mein shaamil thi?,Pakistan kai iqtasadi maharin ke mutabiq kis sadi mein Pakistan ki maeeshat duniya ki sab say bari maeshaton mein shamil thi?,Pakistan ke iqtisaadi mahireen ke mutabiq kis sadi mein Pakistan ki maeeshat duniya ki sab se baray maeshaton mein shamil thi?
q160,test,ur-373567-1,نیر حسین کی کپتانی میں کمبائنڈ سروسز نے دوبارہ فرسٹ کلاس کرکٹ کا آغاز کب کیا؟,When did Combined Services resume first-class cricket under the captaincy of Naeer Hussain?,Naeer Hussain ki captaincy mein Combined Services ne dobara first-class cricket ka aghaaz kab kiya?,Naeer Hussain ki kaptani main Combined Services ne dobara first-class cricket ka aaghaz kab kiya?,Naeer Hussain ki kaptaani mein Combined Services ne dobara first-class cricket ka aghaz kab kiya?
q161,test,ur-75138-3,محمد حسین آزاد نے اردو میں تمثیلی مضامین کی تخلیق کا آغاز کب کیا؟,When did Muhammad Husain Azad begin writing allegorical essays in Urdu?,Muhammad Husain Azad ne Urdu mein tamseeli mazameen ki takhleeq ka aghaaz kab kiya?,Muhammad Husain Azad ne Urdu mein tamseeli mazameen ki takhleek ka aaghaz kab kiya?,Muhammad Husain Azad ne Urdu mein tamseeli mazameen ki takhleeq ka aghaz kab kiya?
q162,test,ur-786710-2,نظیر اکبر آبادی نے اردو نظم کو عروج کب عطا کیا؟,When did Nazir Akbarabadi elevate Urdu poetry?,Nazeer Akbarabadi ne Urdu nazm ko urooj kab ata kiya?,Nazir Akbarabadi nay Urdu nazam ko urooj kab ata kiya?,Nazeer Akbarabadi ne Urdu nazm ko urooj kab atta kiya?
q163,test,ur-397617-3,اس ترمیم کے بعد صدر کے اختیارات میں کیا خاص تبدیلی آئی؟,What specific change occurred in the President's powers after this amendment?,Is tarmeem ke baad sadar ke ikhtiyaaraat mein kya khaas tabdeeli aayi?,Is tarmeem ke baad sadar ke ikhtiyaaraat mein kya khaas tabdili aayi?,Is tarmeem ke baad sadar ke ikhtiyaaraat mein kia khaas tabdeeli ayi?
q164,test,ur-1177895-0,پشاور میں کون سا ادارہ قانونی تعلیم کی پیشکش کرتا ہے؟,Which institution in Peshawar offers legal education?,Peshawar mein kon sa idara qanooni taleem ki peshkash karta hai?,Peshawar main kon sa idaara qanooni taleem ki peshkash karta hai?,Peshawar mein kon sa idaara qanooni taleem ki peshkash karta he?
q165,test,ur-24902-0,پاکستان کا پہلا ٹیسٹ میچ کس شہر میں کھیلا گیا؟,In which city was Pakistan's first test match played?,Pakistan ka pehla test match kis shehar mein khela gaya?,Pakistan ka pehla test match kis sheher main khela gaya?,Pakistan ka pehla test match kis shehr may khela gaya?
q166,test,ur-52375-1,ٹرنپیرنسی انٹرنیشنل نے 1997ء میں پاکستان کو کس چیز میں بدترین قرار دیا تھا؟,"What did Transparency International rank Pakistan as worst in, in 1997?",Turnpyrensi Interneeshnl ne 1997 mein Pakistan ko kis cheez mein badtareen qarar diya tha?,Tranpeyransi Interneeshnal ne 1997 mein Pakistan ko kis cheez mein badtareen qarar diya tha?,Tranperansi Interneshnl ne 1997 mein Pakistan ko kis cheez mein badtareen qarar diya tha?
q167,test,ur-872111-2,کون سی شخصیت نے دریائے سندھ کے بارے میں تفصیلی رپوٹ دی تھی؟,Which individual provided a detailed report about the Indus River?,Kon si shakhsiyat ne darya-e-Sindh ke bare mein tafseeli report di thi?,Kon si shakhsiyat nay dariya-e-Sindh ke bare mein tafsili report di thi?,Kon si shakhsiyat ne darya-e-Sindh k bare mein tafsili report di thi?
q168,test,ur-879685-0,فیض کاشانی کے والد کا کیا نام تھا؟,What was the name of Fayz Kashani's father?,Faiz Kashani ke walid ka kya naam tha?,Faiz Kashani kay walid ka kia naam tha?,Faiz Kashani ke walid ka kyaa naam tha?
q169,test,ur-1177648-3,سوتھی-سسوال ثقافت اور قبرستان ایچ کلچر کس مرحلے کی ذیلی قسم ہیں؟,Sothi-Siswal culture and Cemetery H culture are subtypes of which phase?,Sothi-Siswal saqafat aur Qabristan H saqafat kis marhalay ki zeli qisam hain?,Sothi-Siswal saqafat aur Qabristan H saqafat kis marhalay ki zaili qisam hain?,Sothi-Siswal saqafat aur Qabristan H saqafat kis marhalay ki zailee qisam hain?
q170,test,ur-569440-0,پنجاب میں آم کی لسی اور آم کا ملک شیک کس قسم کے مشروبات کی مثالیں ہیں؟,"In Punjab, what type of beverages are mango lassi and mango milkshake examples of?",Panjob mein aam ki lassi aur aam ka milk shek kis qisam ke mashroobat ki misaalen hain?,Panjab mein aam ki lassi aur aam ka milk shake kis qisam ke mashroobat ki misaalen hain?,Punjab mein aam ki lassi aur aam ka milk shek kis qisam kay mashroobat ki misaalen hain?
q171,test,ur-2867-3,شاہی گزرگاہ پراجیکٹ کس سال حکومت پنجاب اور آغا خان ٹرسٹ فار کلچر کے ذریعے شروع کیا گیا؟,In what year was the Shahi Guzargah Project initiated by the Government of Punjab and the Aga Khan Trust for Culture?,Shahi Guzargah Project kis saal hukoomat Punjab aur Agha Khan Trust for Culture ke zariye shuru kiya gaya?,Shahi Guzargah Project kis saal hukumat Punjab aur Agha Khan Trust for Culture kay zariye shuru kia gaya?,Shahi Guzargah Project kis saal hukoomat Punjab aur Agha Khan Trust for Culture ke zariye shuru kiya giya?
q172,test,ur-907784-0,1962 میں کیپولان ریائو کے سکے کس تاریخ پر جاری کیے گئے تھے؟,On what date were the coins of Kepulauan Riau issued in 1962?,1962 mein Kepulauan Riau ke sake kis tareekh par jaari kiye gaye the?,1962 main Kepulauan Riau kay sikay kis tareekh par jari kiye gaye the?,1962 may Kepulauan Riau k sikay kis tareekh par jaari kiye gaye thay?
q173,test,ur-907772-2,ڈوڈو کی تین جہتی واٹر مارک کی خاصیت کیا ہے؟,What is the characteristic of the three-dimensional watermark of the Dodo?,Dodo ki teen jehti watermark ki khasiyat kya hai?,Dodo ki teen jehati watermark ki khasiyat kia hay?,Dodo ki teen jahati watermark ki khasiyat kya he?
q174,test,ur-372130-2,پاکستان کی کرکٹ کی تاریخ میں آئرلینڈ کے خلاف عالمی کپ 2007 میں شکست کے بعد کیا ہوا؟,What happened in Pakistan's cricket history after the defeat against Ireland in the 2007 World Cup?,Pakistan ki cricket ki tareekh mein Ireland ke khilaf aalmi cup 2007 mein shikast ke baad kya hua?,Pakistan ki kriket ki tareekh mein Ireland ke khilaf aalami cup 2007 mein shekast ke baad kia hua?,Pakistan ki kriket ki tareekh mein Ireland ke khilaaf aalmi cup 2007 mein shikast ke baad kya huwa?
q175,test,ur-720256-0,نیوزی لینڈ کی کرکٹ ٹیم نے کب پاکستان سے واپس جانے کا فیصلہ کیا؟,When did New Zealand's cricket team decide to return from Pakistan?,New Zealand ki cricket team ne kab Pakistan se wapas jane ka faisla kiya?,New Zealand ki krikit team ne kab Pakistan se wapas janay ka faisla kiya?,New Zealand ki cricket team ne kab Pakistan se wapas jaane ka faisla kiya?
q176,test,ur-949996-1,پنجابی لوک موسیقی میں دولہا سے متعلق کون سا گانا گایا جاتا ہے؟,Which song associated with the groom is sung in Punjabi folk music?,Punjabi lok moseeqi mein dulha se mutaliq kaun sa gana gaya jata hai?,Panjabi lok musiiki mein dulha se mutaliq kaun sa gana gaya jata hai?,Punjabi lok musiiki mein dulha se mutaliq kon sa gaana gaya jata hai?
q177,test,ur-868945-1,2002 میں پرویز مشرف نے کون سا متنازع اقدام اٹھایا جس نے ان کی صدارت کی مدت کو طول دیا؟,What controversial action did Pervez Musharraf take in 2002 that extended his presidential term?,2002 mein Parvez Musharraf ne kon sa mutanaaza iqdaam uthaya jis ne un ki sadarath ki muddat ko tool diya?,2002 main Parvez Musharraf ne kon sa mutanaaza iqdaam uthaya jis ne un ki sadarath ki muddat ko tool diya?,2002 mein Parvez Musharraf ne kaun sa mutanaaza iqdaam uthaya jis ne un ki sadarath ki muddat ko toll diya?
q178,test,ur-907785-3,تراونکور روپیہ کس ریاست کی طرف سے جاری کیا گیا تھا؟,Which state issued the Travancore Rupee?,Travancore rupiya kis riyasat ki taraf se jari kia gaya tha?,Travancore rupia kis riyasat ki taraf se jari kya gaya tha?,Travancore rupiya kis riyasat ki taraf se jari kyaa gaya tha?
q179,test,ur-84330-0,یوسفزئی کی موروثی اراضی کو کیا کہا جاتا تھا؟,What was the hereditary land of the Yousafzai called?,Yousafzai ki morosi arazi ko kya kaha jata tha?,Yousufzai ki moroosi arazi ko kia kaha jata tha?,Yusufzai ki morosi aaraazi ko kyaa kaha jata tha?
q180,test,ur-96692-1,پاکستان آرمی ایوی ایشن کور کی ابتدا کب ہوئی؟,When did the Pakistan Army Aviation Corps originate?,Pakistan Army Aviation Corps ki ibtida kab hui?,Pakistan Army Aviation Core ki ibtida kab hui?,Pakistan Army Aviation Corps ki ibtida kab howi?
q181,test,ur-2355468-1,محمد اختر نے 1960ء میں اولمپکس میں کس ملک کے کھلاڑی کو شکست دی؟,Which country's athlete did Muhammad Akhtar defeat in the 1960 Olympics?,Muhammad Akhtar ne 1960 mein Olympics mein kis mulk ke khilari ko shikast di?,Mohammad Aakhtar nay 1960 mein Olympics mein kis mulk kay khiladi ko shikast di?,Muhammad Akhtar ne 1960 main Olympics mein kis mulk ke khilaari ko shikast di?
q182,test,ur-1057619-1,راج سنگھ چودھری نے کونسی فلم لکھی اور ہدایت کی جو 2022 میں ریلیز ہوئی؟,Which film did Raj Singh Chaudhary write and direct that was released in 2022?,Raj Singh Choudhary ne konsi film likhi aur hadaayat ki jo 2022 mein release hui?,Raj Singh Choudhary ne konsi film likhi aur hidaayat ki jo 2022 main release hui?,Raj Singh Choudhary ne konsi film likhi aur hidaayat ki jo 2022 may release hui?
q183,test,ur-721132-0,کیا 12 فروری 2018ء کو جہانگیر ترین کی نااہلی کے بعد حلقہ این اے۔154 کی ضمنی انتخابات میں تیسری پوزیشن حاصل کی گئی؟,"Did the by-election for constituency NA-154, held on February 12, 2018, result in a third position following Jahangir Tareen's disqualification?",Kia 12 February 2018 ko Jahangir Tareen ki na-ahli ke baad halqa NA-154 ki zamni intikhabat mein teesri position hasil ki gayi?,Kya 12 February 2018 ko Jahangir Tareen ki na-ahli ke baad halqa NA-154 ki zamni intikhabaat mein teesri position hasil ki gayi?,Kia 12 February 2018 ko Jahangir Tareen ki na-ahli ke baad halqa NA-154 ki zamni intekhabat mein teesri position hasil ki gayi?
q184,test,ur-48882-2,31 جولائی 2009ء کو پاکستان کی عدالت عظمٰی کے فیصلے کی کونسی تاریخی حیثیت ہے؟,"What is the historical significance of the Supreme Court of Pakistan's decision on July 31, 2009?",31 July 2009 ko Pakistan ki adalat azeemi ke faisle ki konsi tareekhi hesiyat hai?,31 July 2009 ko Pakistan ki adalat azimi ke faislay ki konsi tareekhi haisiyat hai?,31 July 2009 ko Pakistan ki adalat aazimi ke feslay ki konsi tareekhi hesiyat hai?
q185,test,ur-60194-2,پرویز مشرف کے دور میں پاکستان میں صدر کے عہدے کی سب سے بُری مثال کیا تھی؟,What was the most notorious example of the presidential role in Pakistan during Pervez Musharraf's era?,Parvez Musharraf ke dor mein Pakistan mein sadar ke ohde ki sab se buri misaal kya thi?,Parvez Musharraf ke daur mein Pakistan mein sadar ke ohde ki sab se buri misaal kia thi?,Parvez Musharraf ke dor mein Pakistan mein sadar ke ohde ki sab se buree misaal kyaa thi?
q186,test,ur-1036292-2,قاضی عبد القیوم کے بھائی نے کراچی میں کس خاندان کی شاخ قائم کی؟,Which family's branch did Qazi Abdul Qayyum's brother establish in Karachi?,Qazi Abdul Qayyum ke bhai ne Karachi mein kis khandan ki shaakh qaim ki?,Qazi Abdul Qayyum ke bhai ne Karachi main kis khandan ki shaakh kaim ki?,Qazi Abdul Qayyum kay bhai ne Karachi mein kis khandan ki shakh qayam ki?
q187,test,ur-8405-0,ٹیکسلا کس ضلع کی تحصیل کا صدر مقام ہے؟,Taxila is the headquarters of which district's tehsil?,Taxila kis zila ki tehsil ka sadar maqam hai?,Teksila kis zila ki tehseel ka sadar maqam hai?,Taxila kis zila ki tehseel ka sadar makaan hai?
q188,test,ur-547655-3,پاکستان کے صوبے سندھ کے ضلع تھرپارکر میں 1991 میں دنیا کے 16 ویں بڑے کوئلے کے ذخائر کی دریافت کس ادارے نے کی تھی؟,"Which organization discovered the world's 16th largest coal reserves in Tharparkar district of Sindh province, Pakistan, in 1991?",Pakistan ke soobay Sindh ke zila Tharparkar mein 1991 mein duniya ke 16 wein baray koyle ke zakhaer ki daryaft kis idaray ne ki thi?,Pakistan ke soobay Sindh ke zila Tharparkar mein 1991 mein duniya ke 16 wayn baray koyle ke zakhaer ki daryaft kis idaray ne ki thi?,Pakistan ke soobay Sindh ke zila Tharparkar mein 1991 mein dunya ke 16 wein barray koyle ke zakhaer ki daryaft kis idaray ne ki thi?
q189,test,ur-1118182-2,ہنزہ کے لوگ کونسی زبان کو اپنی مادری زبان کے طور پر بولتے تھے؟,What language did the people of Hunza speak as their mother tongue?,Hunza ke log konsi zaban ko apni madri zaban ke tor par boltay thay?,Hunza ke log kaunsi zabaan ko apni maadri zubaan ke tor par boltay thay?,Hunza k log konsi zuban ko apni madri zaban k tor par boltay thay?
q190,test,ur-437330-3,19 جولائی کو پاک فوج نے کسے ڈیرہ اسماعیل خان سے رہا کروایا؟,Who was released by the Pakistan Army from Dera Ismail Khan on 19th July?,19 July ko pak fauj ne kise dera ismail khan se riha karwaya?,19 July ko pak fauj ne kisse dera ismail khan se reha karwaya?,19 July ko paak foj ne kisay dera ismail khaan se reha karwaya?
q191,test,ur-68744-2,دریائے سوات کا آغاز کہاں ہوتا ہے؟,Where does the Swat River originate?,Darya-e-Swat ka aghaz kahan hota hai?,Darya-e-Swat ka aaghaz kahan hota hai?,Darya-e-Swat ka aghaaz kahan hota he?
q192,test,ur-611526-3,حمزہ شہباز شریف کی پیدائش کب اور کہاں ہوئی؟,When and where was Hamza Shahbaz Sharif born?,Hamza Shahbaz Sharif ki paidaish kab aur kahan hui?,Hamza Shahbaz Sharif ki paidaaish kab aur kahan hoi?,Hamza Shahbaz Sharif ki paidash kab aur kahaan hui?
q193,test,ur-2820105-1,چمن پھاٹک کے قریب 24 مئی 2026ء کو دھماکا خیز مواد سے بھری گاڑی کا کیا اثر ہوا؟,"What was the impact of the explosive-laden vehicle near Chaman Phatak on May 24, 2026?",Chaman Phatak ke qareeb 24 May 2026 ko dhamaka khez mawad se bhari gaari ka kya asar hua?,Chaman Phatak kay qareeb 24 May 2026 ko dhamaka khayz mawad say bhari gari ka kia asar hua?,Chaman Phatak ke qareeb 24 May 2026 ko dhamaaka khez mawaad se bhari gaari ka kyaa asar hua?
q194,test,ur-992789-0,لاہور یونیورسٹی میں کتنے کیمپس ہیں اور ان میں سے مین کیمپس کا رقبہ کیا ہے؟,How many campuses does Lahore University have and what is the area of the main campus?,Lahore University mein kitne campus hain aur un mein se main campus ka raqba kya hai?,Lahore University mein kitne kympus hain aur un mein se meyn campus ka raqba kia hai?,Lahore University main kitne campas hain aur unn mein se mein campus ka raqba kya he?
q195,test,ur-907770-3,سری لنکا کے مرکزی بینک نے 2005 میں کون سی نئی سکوں کی سیریز جاری کی تھی؟,Which new coin series did the Central Bank of Sri Lanka issue in 2005?,Sri Lanka ke markazi bank ne 2005 mein kon si nayi sikon ki series jari ki thi?,Sri Lanka kay markazi bank nay 2005 main kon si nayi sikon ki series jari ki thi?,Sri Lanka k markazi bank ne 2005 me kon si nayi sikon ki series jaari ki thi?
q196,test,ur-100774-1,گلگت بلتستان اسمبلی میں کل کتنی نشستیں ہیں؟,How many total seats are there in the Gilgit-Baltistan Assembly?,Gilgit Baltistan Assembly mein kul kitni nashistain hain?,Gilgit Baltistan Assembly main kul kitni nashistain hain?,Gilgit Baltistan Assembly mein kul kitni nashistain he?
q197,test,ur-928428-2,ملالہ فنڈ کے 2017 کے منصوبے میں کونسی دو ممالک شامل ہیں؟,Which two countries are included in the 2017 Malala Fund project?,Malala fund ke 2017 ke mansuba mein konsi do mulk shamil hain?,Malala fund kay 2017 kay mansuba mein konsi do mulk shamil hain?,Malala fund ke 2017 ke mansuba main konsi do mulk shamil hain?
q198,test,ur-792780-3,عمران خان کو ”دنیا کے سب سے عمدہ فاسٹ بالروں میں سے ایک“ کس نے کہا؟,"Who referred to Imran Khan as ""one of the world's finest fast bowlers""?","Imran Khan ko ""duniya ke sab se umda fast ballron mein se aik"" kis ne kaha?","Imran Khan ko ""duniya ke sab se umda fast ballron main se aik"" kis ne kaha?","Imran Khan ko ""duniya ke sab se umda fast ballron mein se aik"" kis nay kaha?"
q199,test,ur-84313-1,1971 میں پاکستان کے ٹوٹنے کے بعد کون سا ادارہ بنایا گیا تاکہ چھوٹے صوبوں کو برابر نمائندگی دی جائے؟,Which institution was created after the breakup of Pakistan in 1971 to provide equal representation to smaller provinces?,1971 mein Pakistan ke tootne ke baad kaun sa idara banaya gaya taake chhote soobon ko barabar numaindagi di jaaye?,1971 mein Pakistan ke tootne ke baad kon sa idara banaya gaya taake chhotay soobon ko barabar numayindagi di jaaye?,1971 main Pakistan ke tutne ke baad kaun sa idara banaya gaya taake chote soobon ko barabar numaindagi di jaye?
q200,test,ur-353102-0,پاکستان کرونیکل میں عقیل عباس جعفری نے کون سی شعبوں کی تاریخ کو شامل کیا ہے؟,Which fields of history has Aqeel Abbas Jafri included in Pakistan Chronicle?,Pakistan Chronicle mein Aqeel Abbas Jafri ne kaun si shaubon ki tareekh ko shaamil kiya hai?,Pakistan Chronicle mein Aqil Abbas Jafri nay kon si shaubon ki tareekh ko shamil kiya hai?,Pakistan Kronikl mein Aqueel Abbas Jafri ne kon se shaubon ki tareekh ko shamil kiya hai?
q201,test,ur-879562-3,پاکستان نے اپنی پہلی ٹیسٹ جیت کب اور کہاں حاصل کی؟,When and where did Pakistan achieve its first Test victory?,Pakistan ne apni pehli test jeet kab aur kahan hasil ki?,Pakistan nay apni pehli test jeet kab aur kahan hasil ki?,Pakistan ne apni pehli test jeet kub aur kahan hasil ki?
q202,test,ur-344193-1,کون سا بھٹی راجا نے راجا جے پال کو پٹھانوں کے ساتھ اتحاد کرنے کا مشورہ دیا؟,Which Bhatti Raja advised Raja Jayapala to ally with the Pathans?,Kon sa Bhatti Raja ne Raja Jaipal ko Pathanon ke sath ittehad karne ka mashwara diya?,Kon sa Bhatti Raja ne Raja Jaipal ko Pathanon ke saath ittehad karne ka mashwara diya?,Kaun sa Bhatti Raja ne Raja Jayapal ko Pathanon ke sath ittehad karne ka mashwara diya?
q203,test,ur-105620-2,1957ء میں پاکستان نے ایران کے ساتھ کس سرحدی معاہدے پر دستخط کیے؟,"In 1957, which border agreement did Pakistan sign with Iran?",1957 mein Pakistan ne Iran ke saath kis sarhadi muahida par dastakhat kiye?,1957 may Pakistan nay Iran kay sath kis sarhadi moahida par dastakhat kiye?,1957 mein Pakistan nay Iran ke sath kis sarhadi moaheda par dastakhat kiye?
q204,test,ur-436456-1,کوئٹہ گلیڈی ایٹرز نے پاکستان سپر لیگ کس سال میں جیتی؟,In which year did Quetta Gladiators win the Pakistan Super League?,Quetta Gladiators ne Pakistan Super League kis saal mein jeeti?,Koyta Gladiators ne Pakistan Supper League kis saal main jeeti?,Quetta Gladiators nay Pakistan Super League kis saal may jeeti?
q205,test,ur-103845-0,پاکستان آبادی کے لحاظ سے کس ملک سے آگے اور کس ملک سے پیچھے ہے؟,Which country is Pakistan ahead of and behind in terms of population?,Pakistan abaadi ke lehaaz se kis mulk se agay aur kis mulk se peeche hai?,Pakistan abadi ke lehaz se kis mulk se agay aur kis mulk se peeche he?,Pakistan abaadi ke lehaaz se kis mulk se agay aur kis mulk se peeche hay?
q206,test,ur-1118182-3,آیاشو خاندان کی طاقت کا منبع کیا تھا؟,What was the source of power for the Ayesho dynasty?,Ayaasho khandan ki taqat ka manba kya tha?,Ayaasho khandan ki taqat ka manbaa kia tha?,Ayaasho khandaan ki taqat ka manba kyaa tha?
q207,test,ur-582110-2,گھنٹہ گھر فیصل آباد میں محرم کا سب سے بڑا جلوس کہاں منعقد ہوتا ہے؟,Where is the largest Muharram procession held in Faisalabad?,Ghanta Ghar Faisalabad mein Muharram ka sabse bara jaloos kahan mun'aqid hota hai?,Ghanta Ghar Faisalabad main Muharram ka sabse bara jaloos kahan mun'aqid hota hai?,Ghanta Ghar Faisalabad mein Muharram ka sabse bara jaloos kahaan mun'aqid hota hay?
q208,test,ur-1046267-0,اسلام آباد میں پہلا چارجنگ اسٹیشن کہاں قائم کیا گیا؟,Where was the first charging station established in Islamabad?,Islamabad mein pehla charging station kahan qaim kiya gaya?,Islamabad main pehla charging station kahan qaim kia gaya?,Islamabad mein pehla charging station kaha qaim kiya gaya?
q209,test,ur-1090557-2,پاکستان مرکزی مسلم لیگ نے 2024ء کے عام انتخابات میں مجموعی طور پر کتنے ووٹ حاصل کیے؟,How many total votes did Pakistan Markazi Muslim League receive in the 2024 general elections?,Pakistan Markazi Muslim League ne 2024 ke aam intikhabat mein majmoi tor par kitne vote hasil kiye?,Pakistan Markazi Muslim League nay 2024 k aam intikhabat mein majmoi tor pe kitne vote hasil kiye?,Pakistan Markazi Muslim League ne 2024 k aam intikhabat mein majmoi tor par kitne vote hasil kiye?
q210,test,ur-1006880-3,گلگت بلتستان کی ثقافت میں کون سی چیز مرکزی کردار ادا کرتی ہے؟,What plays a central role in the culture of Gilgit-Baltistan?,Gilgit Baltistan ki saqafat mein kon si cheez markazi kirdar ada karti hai?,Gilgit Baltistan ki sakafat may kon si cheez markazi kirdar ada karti hay?,Gilgit Baltistan ki saqafat main kaun si cheez markazi kirdar ada karti hai?
q211,test,ur-48392-3,صوبائی وزیر رستم جمالی کے قتل کے بعد کون سی نشست خالی ہوئی؟,Which seat became vacant after the assassination of Provincial Minister Rustam Jamali?,Soobai Wazir Rustam Jamali ke qatal ke baad kaun si nashist khaali hui?,Soobai Wazeer Rustam Jamali ke qatal ke baad kon si nashist khali hui?,Soobai Wazir Rustam Jamali ke qatal ke baad kaun si nashist khaali huyi?
q212,test,ur-13570-1,قلعہ کے قریب کھدائی میں برآمد ہونے والی عمارتوں کو کس نے تعمیر کیا تھا؟,Who constructed the buildings unearthed near the fort during the excavation?,Qila ke qareeb khudai mein baramad hone wali imaaraton ko kis ne tameer kiya tha?,Qila k qareeb khudai main baramad honay wali imaraton ko kis nay tameer kiya tha?,Qila kay qareeb khudai may baramad honay wali imaraton ko kiss ne tameer kia tha?
q213,test,ur-60194-0,فاروق احمد خان لغاری نے صدر بننے کے بعد کس جماعت کی رکنیت سے استعفیٰ دیا؟,Which party membership did Farooq Ahmed Khan Leghari resign from after becoming President?,Farooq Ahmad Khan Leghari ne sadar banne ke baad kis jamaat ki rukniyat se istefa diya?,Farooq Ahmed Khan Laghari ne sadar banne ke baad kis jamat ki rukniyat se istefa diya?,Farooq Ahmad Khan Laghari ne sadar banne ke baad kis jammat ki rukniyyat se istefa diya?
q214,test,ur-658867-2,2021 میں مریم نواز کی کون سی آڈیو کلپ منظر عام پر آئی تھی؟,Which audio clip of Maryam Nawaz surfaced in 2021?,2021 mein Maryam Nawaz ki kon si audio clip manzar-e-aam par aayi thi?,2021 main Maryam Nawaz ki kaun si audio clip manzar-e-aam par ayi thi?,2021 may Maryam Nawaz ki kon si audio clip manzar-e-aam par ai thi?
q215,test,ur-720256-3,سری لنکا کی کرکٹ ٹیم کے دورہ پاکستان کے دوران کس واقعہ کے بعد انہیں ہنگامی طور پر واپس بھیجا گیا؟,After which incident during Sri Lanka's cricket team's tour of Pakistan were they urgently sent back?,Sri Lanka ki cricket team ke daura Pakistan ke doran kis waqiya ke baad unhein hangaami tor par wapas bheja gaya?,Sri Lanka ki cricket team ke daura Pakistan ke doran kis waqia ke baad unhe hangaami taur par wapas bheja gaya?,Sri Lanka ki cricket team ke daura Pakistan ke doran kis waqiya ke baad unhein hungaami tor par wapas bheja gaya?
q216,test,ur-1078597-2,سرائیکی نسلی لسانی گروہ پاکستان کے کون سے ثقافتی علاقے میں بنیادی طور پر پایا جاتا ہے؟,In which cultural region of Pakistan is the Saraiki ethnic linguistic group primarily found?,Siraiki nasli lisani giroh Pakistan ke kon se saqafati ilaqay mein buniyadi tor par paaya jata hai?,Saraiki nasli lisani groh Pakistan ke kon se saqafati ilaqay mein buniyadi tor par paya jata hai?,Seraiki nasli lisani giroh Pakistan ke kon se saqafati ilaqay mein buniyadi tor par paaya jata hai?
q217,test,ur-601176-0,رزاق داؤد نے کس پاکستانی صدر کے دور میں مشیر تجارت کی حیثیت سے خدمات انجام دیں؟,During which Pakistani president's tenure did Razak Dawood serve as an advisor on trade?,Razak Dawood ne kis Pakistani sadar ke dor mein musheer tijarat ki hesiyat se khidmat anjam deen?,Razaq Dawood ne kis Pakistani sadar ke dor mein musheer tijarat ki haisiyat se khidmat anjam deen?,Razak Dawood ne kis Pakistani sadar ke daur mein musheer tijarat ki hesiyat se khidmat anjam deen?
q218,test,ur-51143-2,بلھے شاہ کی شاعری میں کس فلسفے کا بیان ہے؟,What philosophy is expressed in Bulleh Shah's poetry?,Bulleh Shah ki shairi mein kis falsafe ka bayan hai?,Bulleh Shah ki shairy mein kis falsafay ka bayan hai?,Bulleh Shah ki shairi main kis falsafe ka bayan hai?
q219,test,ur-919246-1,چندرگپت موریہ کی حیات کے بارے میں کس کتاب میں اہم معلومات ملتی ہیں؟,In which book can important information about the life of Chandragupta Maurya be found?,Chandargupt Maurya ki hayat ke bare mein kis kitaab mein ahem maloomat milti hain?,Chandargupt Maurya ki hayat ke bare mein kis kitaab may ahem maloomat milti hain?,Chandargupt Maurya ki hayat ke bare mein kis kitab mein ahem maloomat milti hain?
q220,test,ur-372130-0,شارجہ میں کھیلے گئے 1986 کے آسٹریلیشیا کپ کے دوران جاوید میانداد نے آخری بال پر کیا کارنامہ سر انجام دیا؟,What remarkable achievement did Javed Miandad accomplish on the last ball during the 1986 Austral-Asia Cup played in Sharjah?,Sharjah mein kheley gaye 1986 ke Australasia Cup ke doran Javed Miandad ne aakhri ball par kya karnama sar anjaam diya?,Sharjah mein kheley gaye 1986 ke Australasya Cup ke doran Javed Miandad ne aakhri ball par kya kaarnama sar anjaam diya?,Sharjah mein kheley gaye 1986 ke Australasya Cup ke doran Javed Miandad ne aakhri ball par kya kaarnama sar anjam diya?
q221,test,ur-324618-0,پی این ایس قاسم کو میرین بیس کے طور پر کب نامزد کیا گیا؟,When was PNS Qasim designated as a Marine base?,PNS Qasim ko marine base ke tor par kab namzad kiya gaya?,PNS Qasim ko merine base ke tor per kab namzad kia gaya?,PNS Qasim ko marine base kay tor par kab namzaad kiya gaya?
q222,test,ur-821758-1,مہمند ڈیم کے بارے میں فیصل واوڈا نے کیا کہا؟,What did Faisal Vawda say about Mohmand Dam?,Mehmund Dam ke bare mein Faisal Vawda ne kya kaha?,Mahmend Dam ke bare mein Faisal Vawda ney kya kaha?,Mehmund Damm ke bare mein Faisal Vawda nay kya kaha?
q223,test,ur-9419-2,ایدھی فاؤنڈیشن کے تاحیات صدر کون رہے؟,Who was the lifelong president of Edhi Foundation?,Edhi Foundation ke ta hayat sadar kon rahe?,Edhi Foundation ke tah hayat sadar kon rahe?,Edhi Foundation ke tah hayat sadr kon rahe?
q224,test,ur-268110-1,کرنل ہیرالڈ کارمائیکل وائیلی نے یوسفزئی قبیلے کی کون سی خصوصیات بیان کی ہیں؟,What characteristics of the Yusufzai tribe did Colonel Harold Carmichael Wylie describe?,Karnal Herald Carmichael Wylie ne Yusufzai qabeelay ki kon si khasusiyat bayan ki hain?,Karnal Harold Carmichael Wylie ne Yusufzai qabeelay ki kaun si khasusiyat bayan ki hain?,Karnal Herald Carmichael Wylie nay Yusufzai qabiley ki kon si khasusiyat bayan ki hain?
q225,test,ur-52146-0,صدر پاکستان کن حالات میں اسمبلی تحلیل کر سکتے ہیں؟,Under what circumstances can the President of Pakistan dissolve the assembly?,Sadr Pakistan kin halat mein assembly tehil karsakte hain?,Sadar Pakistan kin halat main assembly tehail karsakte hain?,Sadr Pakistan kin haalat mein assembly tehill karsakte hain?
q226,test,ur-1073687-2,اخوت فاؤنڈیشن کا آغاز کس سال میں ہوا؟,In which year was the Akhuwat Foundation established?,Akhuwat Foundation ka aghaaz kis saal mein huwa?,Akhuwat Faoondation ka aaghaz kis saal mein huwa?,Akhuwat Foundation ka aghaaz kis saal mein hua?
q227,test,ur-8063-3,فیصل آباد میں سرکاری ہسپتالوں کی صورت حال میں حالیہ سالوں میں کیسا بہتری آئی ہے؟,How has the situation of government hospitals in Faisalabad improved in recent years?,Faisalabad mein sarkari haspatalon ki soorat e haal mein haaliya saalon mein kaisa behtari aayi hai?,Faisalabad main sarkari hospitalon ki surat e haal mein haliya salon mein kaisa behtari ayi hai?,Faisalabad mein serkari hospitalon ki soorat e haal main haliya saalon mein kaisa behtari aai hai?
q228,test,ur-1072749-2,تانڈہ ڈیم میں پانی کی سطح کے کم ہونے کی کیا وجوہات ہیں؟,What are the reasons for the decrease in water levels in Tanda Dam?,Tanda Dam mein pani ki satah ke kam honay ki kia wajahain hain?,Tanda Dam main paani ki satah kay kum honay ki kya wajahein hain?,Tanda Dam may pani ki satah ke kum honay ki kya wajahain hain?
q229,test,ur-116761-0,پاکستان کو نیکسٹ الیون کے بیرن او نیل میں کیوں شامل کیا گیا ہے؟,Why was Pakistan included in the Next Eleven by Baron O'Neill?,Pakistan ko Next Eleven ke Baron O'Neill mein kyun shamil kiya gaya hai?,Pakistan ko Next Eleven ke Baron O'Neill mein kyon shamil kia gaya hai?,Pakistan ko Next Eleven ke Baron O'Neill mein kyun shamil kiya gaya he?
q230,test,ur-714835-0,پاکستان کے پہلے منتخب وزیر اعظم ذولفقار علی بھٹو نے کس عہدے کے قیام میں کلیدی کردار ادا کیا؟,Which position did Pakistan's first elected Prime Minister Zulfiqar Ali Bhutto play a key role in establishing?,Pakistan ke pehle muntakhib wazir-e-azam Zulfiqar Ali Bhutto ne kis ohde ke qiyam mein kaleedi kirdar ada kiya?,Pakistan ke pehle muntakhab wazir-e-azam Zulfiqar Ali Bhutto ne kis ohde ke qiyam mein kaleedi kirdar ada kiya?,Pakistan ke pehle muntakhib wazir-e-azam Zulfiqar Ali Bhutto ne kis ohde ke qayam mein kaleedi kirdar ada kiya?
q231,test,ur-268990-1,"""گرینڈ جامع مسجد"" کے بیرونی برآمدے کس ملک کے امام باڑوں سے متاثر ہیں؟","The exterior corridors of the ""Grand Jamia Mosque"" are inspired by the Imam Bargahs of which country?","""Grand Jamia Masjid"" ke bairooni baramde kis mulk ke Imam Bargah se mutasir hain?","""Grand Jamia Masjid"" kay bairooni baramde kis mulk ke Imam Bargha se mutasir hain?","""Grand Jamia Masjid"" ke bairooni baraamde kis mulk ke Imam Bargah se mutasir hain?"
q232,test,ur-14839-1,شیخ مجیب الرحمن کی قیادت میں بنگلہ دیش نے آزادی کب حاصل کی؟,When did Bangladesh gain independence under Sheikh Mujibur Rahman's leadership?,Sheikh Mujib-ur-Rehman ki qiadat mein Banglades ne azadi kab hasil ki?,Sheikh Mujib-ur-Rahman ki qiyadat mein Bangladesh ne azadi kab hasil ki?,Sheikh Mujeeb-ur-Rehman ki qiadat mein Bangladesh ne azadi kab haasil ki?
q233,test,ur-82127-0,مہر گڑھ کے قریب کس نے ماہرین اثریات کو قدیم اشیا کی موجودگی کی اطلاع دی؟,Who informed archaeologists about the presence of ancient artifacts near Mehrgarh?,Mehrgarh ke qareeb kis ne maharin asriyat ko qadeem ashya ki mojoodgi ki ittila di?,Mehrgarh ke kareeb kis nay mahirin asriyat ko qadeem ashya ki mojoodgi ki ittila di?,Mehrgarh ke qareeb kis ne maharin athriyat ko qadeem ashya ki mojoodgi ki ittila dee?
q234,test,ur-107662-1,جنمے جی کی ذکر کس قدیم فلسفی گرنتھ میں کیا گیا ہے؟,In which ancient philosophical text is the mention of Janamejaya made?,Janamay Ji ki zikar kis qadeem falsafi granth mein kiya gaya hai?,Janamej Jee ki zikar kis qadeem falsafi granth main kiya gaya hai?,Janamej Ji ke zikar kis qadeem falsafi granth may kiya gaya hai?
q235,test,ur-786710-1,نظم کی کون سی خاصیت اسے دیگر شاعری کی اقسام سے منفرد بناتی ہے؟,What characteristic of a 'nazm' makes it unique from other types of poetry?,Nazm ki koon si khasiyat ise deegar shairi ki iqsaam se munfarid banati hai?,Nazm ki kon si khasiat isay deegar shayari ki iqsaam se munfarid banati hai?,Nazm ki kaun si khasiyat ise deegar shairi ki iqsaam se munfarid banati hai?
q236,test,ur-43807-0,کس نے 2020 میں گلگت بلتستان کو صوبائی درجہ دینے کا اعلان کیا تھا؟,Who announced the provincial status for Gilgit-Baltistan in 2020?,Kis nay 2020 mein Gilgit Baltistan ko soobai darja denay ka elaan kiya tha?,Kis ne 2020 mein Gilgit Baltistan ko subai darja dene ka elan kiya tha?,Kis nai 2020 mein Gilgit Baltistan ko soobai darja denay ka elan kiya tha?
q237,test,ur-48956-3,نوابزادہ اللہ نواز خان کو خیبر پختونخوا کی قانون ساز اسمبلی کا پہلا خطیب کب منتخب کیا گیا؟,When was Nawabzada Allah Nawaz Khan elected as the first speaker of the Khyber Pakhtunkhwa Legislative Assembly?,Nawazadah Allah Nawaz Khan ko Khyber Pakhtunkhwa ki qanoon saaz assembly ka pehla khateeb kab muntakhib kiya gaya?,Nawabzada Allah Nawaz Khan ko Khyber Pakhtoonkhwa ki qanoon saaz assembly ka pehla khatib kab muntakhib kiya gaya?,Nawazadah Allah Nawaz Khan ko Khyber Pakhtunkhwa ki qanun saz assembly ka pehla khateeb kab muntakhib kiya gaya?
q238,test,ur-8405-1,گندھارا کے دار الحکومت کا نام کیا تھا جس نے سکندر اعظم کے سامنے ہتھیار ڈال دیے؟,What was the name of the capital of Gandhara that surrendered to Alexander the Great?,Gandhara ke dar ul hukoomat ka naam kya tha jis ne Sikandar e Azam ke samne hathiyar daal diye?,Gandhara ke dar ul hukoomat ka naam kia tha jis ne Sikandar e Azam ke samne hathyar dal diye?,Gandhara ke dar ul hukoomat ka naam kyaa tha jis ne Sikandar e Azam ke samnay hathiyar daal diye?
q239,test,ur-620301-0,الیگزینڈر کو کس محاصرے کے دوران شدید زخمی کیا گیا؟,During which siege was Alexander severely wounded?,Alexandar ko kis muhasere ke doran shadeed zakhmi kia gaya?,Aleksander ko kis mohasare ke doran shadeed zakhmi kiya gaya?,Alexandar ko kis mohasaray ke doran shadeed zakmi kiya gaya?
q240,test,ur-792480-1,عمران خان وزیر اعظم ہاؤس کو کس چیز میں تبدیل کرنے کا ارادہ رکھتے ہیں؟,What does Imran Khan intend to transform the Prime Minister House into?,Imran Khan Wazir-e-Azam House ko kis cheez mein tabdeel karne ka iraada rakhte hain?,Imran Khan Wazeer-e-Azam House ko kis cheez mayn tabdeel karne ka iraada rakhte hain?,Imran Khan Wazir-e-Aazam House ko kis cheez main tabdeel karne ka irada rakhte hain?
q241,test,ur-518660-1,ڈاکٹر احمد حسن دانی نے پاکستان کے بانی باپ کی اصطلاح کب استعمال کی؟,When did Dr. Ahmad Hasan Dani use the term 'Founding Fathers of Pakistan'?,Dr. Ahmed Hasan Dani ne Pakistan ke Bani Baap ki istalah kab istemal ki?,Dr. Ahmad Hasan Dani ne Pakistan ke Bani Bap ki istelah kab istemal ki?,Dr. Ahmad Hasan Dani nay Pakistan ke Bani Baap ki istilah kab istemal ki?
q242,test,ur-956115-0,خدیجہ آدمو کے خلاف بوائے فرینڈ کے حملے کے بعد ملک میں کون سا ہیش ٹیگ مقبول ہوا؟,Which hashtag gained popularity in the country after the attack on Khadijah Adamu by her boyfriend?,Khadijah Adamu ke khilaf boyfriend ke hamlay ke baad mulk mein kaun sa hashtag maqbool hua?,Khadeeja Adamu ke khilaf boyfrand ke hamlay ke baad mulk mein kon sa hashtag maqbool hua?,Khadija Adamoo ke khilaaf boyfrend ke hamlay ke baad mulk mein kon sa hashtag maqbool hua?
q243,test,ur-38578-2,منوڑہ میں تاریخی عمارتوں کی بحالی کے منصوبے کی نگرانی کون کر رہی ہے؟,Who is overseeing the restoration project of historical buildings in Manora?,Manora mein tareekhi imaaraton ki bahali ke mansoobe ki nigraani kon kar rahi hai?,Manora main tareekhi imaraton ki bahali k mansoobe ki nigraani kon kar rahi hai?,Manora mein tareekhi imaaraton ki bahlay k mansoobay ki nigraani kon kar rahy hai?
q244,test,ur-68239-1,عالم پناہ کا لقب کس مغل بادشاہ کے لئے استعمال ہوتا تھا؟,Which Mughal emperor was referred to by the title 'Alam Panah'?,Alam panah ka laqab kis Mughal badshah ke liye istemal hota tha?,Aalam panah ka laqab kis Mughal baadshah ke liye istemaal hota tha?,Alam panaah ka laqab kis Mughal badshah kay liye istaimal hota tha?
q245,test,ur-928423-1,آل پاکستان پرائیویٹ اسکول فیڈریشن نے انصر عباسی کے کس کام کو اسلام کے خلاف ثابت کرنے کے لئے استعمال کیا؟,Which work of Ansar Abbasi was used by All Pakistan Private Schools Federation to prove opposition to Islam?,All Pakistan Private School Federation ne Ansar Abbasi ke kis kaam ko Islam ke khilaf sabit karne ke liye istemal kiya?,All Pakistan Private School Federation ne Ansar Abbasi ke kis kaam ko Islam ke khilaaf sabit karne ke liye istimaal kiya?,All Pakistan Private School Federation ne Ansar Abasi ke kis kaam ko Islam ke khilaf sabit karne ke liye istemaal kiya?
q246,test,ur-1018160-2,پاکستان کی سپریم کورٹ نے 7 اپریل 2022ء کو قومی اسمبلی کی تحلیل کے بارے میں کیا فیصلہ دیا؟,"What decision did the Supreme Court of Pakistan make on April 7, 2022, regarding the dissolution of the National Assembly?",Pakistan ki Supreme Court ne 7 April 2022 ko Qaumi Assembly ki tahleel ke bare mein kya faisla diya?,Pakistan ki Supreme Court ne 7 April 2022 ko Qaumi Assembly ki tahleel ke bare mein kia faisla diya?,Pakistan ki Supreme Court ne 7 April 2022 ko Qaumi Assembly ki tehleel ke bare mein kya faisla diya?
q247,test,ur-354664-0,"کون سے پاکستانی رہنما کے دور میں معیشت کو ""اسلامی"" بنایا گیا تھا؟","During whose leadership was the Pakistani economy made ""Islamic""?","Kaun se Pakistani rehnuma ke dor mein maeeshat ko ""Islami"" banaya gaya tha?","Kon se Pakistani rehnuma ke dour mein maeeshat ko ""Islami"" banaya gaya tha?","Kaun say Pakistani rehnuma ke dor mein maeeshat ko ""Islami"" banaya gaya tha?"
q248,test,ur-626891-0,پاکستان سوپر لیگ 2017ء کے فائنل کی تاریخ کیا تھی؟,What was the date of the final of the Pakistan Super League 2017?,Pakistan Super League 2017 ke final ki tareekh kya thi?,Pakistan Super League 2017 k final ki tareekh kia thi?,Pakistan Super League 2017 ke final ki tareekh kyaa thi?
q249,test,ur-64652-1,13 اکتوبر 2012 کو بھارتی فوج کو کون سے ہیلی کاپٹر کا کنٹرول دیا گیا؟,"On October 13, 2012, control of which helicopters was given to the Indian Army?",13 October 2012 ko Bharti fauj ko kon se helikopter ka control diya gaya?,13 October 2012 ko Bharti fauj ko kon say helikoptar ka control diya gaya?,13 October 2012 ko Bharti fauj ko kon se helikoptar ka control diya gaya?
q250,test,ur-1092-0,پاکستانی اسٹیبلشمنٹ کے کلیدی نکات میں کون سا عنصر شامل ہے جو امریکہ کے ساتھ تعلقات کے بارے میں ہے؟,Which element included in the key points of the Pakistani establishment pertains to relations with the USA?,Pakistani establishment ke kaleedi nuqat mein kon sa anasir shamil hai jo America ke sath taluqaat ke bare mein hai?,Pakistani estabilishtment ke kaleedi nuqt mein kon sa anasir shamil hai jo Amreeka ke sath taluqaat ke bare mein hai?,Pakistani establishment k kaleedi nuqat main kon sa anasir shamil hai jo Amrika ke sath taluqaat ke bare mein hai?
q251,test,ur-268990-2,گرینڈ جامع مسجد، بحریہ ٹاؤن، لاہور کا پہلا افتتاح کب ہوا؟,"When was the first inauguration of the Grand Jamia Mosque, Bahria Town, Lahore?","Grand Jamia Masjid, Bahria Town, Lahore ka pehla iftitah kab hua?","Grend Jamia Masjid, Bahriya Town, Lahore ka pehla iftitah kab howa?","Ghrand Jamia Masjid, Bahria Town, Lahore ka pehla iftitaah kab hua?"
q252,test,ur-1177648-0,باڑہ ثقافت کے ابتدائی شواہد کہاں سے دریافت ہوئے تھے؟,Where were the initial evidences of the Bara culture discovered?,Bara saqafat ke ibtidaai shawahid kahaan se daryaft huay thay?,Baara saqafat kay ibtidaai shawaahid kahan say daryaft huay thay?,Baara saqafat ke ibtidaai shawaahid kahaan se daryaft hue thay?
q253,test,ur-833688-0,ڈرامے کی ٹیم کو کس نے شہزادی ڈیانا کے سامنے پرفارم کرنے کی دعوت دی تھی؟,Who invited the drama team to perform in front of Princess Diana?,Dramay ki team ko kis ne Shehzadi Diana ke samne perform karne ki dawat di thi?,Dramay ki team ko kis ne Shahzadi Diana ke samne perform karne ki dawat di thi?,Dramay ki team ko kis ne Shehzadi Diana ke saamne perform karne ki dawat di thi?
q254,test,ur-343182-2,کلی گل محمد میں کوئٹہ ثقافت کے برتن کس نے دریافت کیے؟,Who discovered the pottery of the Quetta Culture in Kali Gul Muhammad?,Kali Gul Muhammad mein Quetta Saqafat ke bartaan kis ne daryaft kiye?,Kali Gul Mohammad main Quetta Saaqafat kay bartaan kis ne daryaft kiye?,Kali Gul Muhammad mein Quetta Saqafat ke bartan kis ne daryaft kiye?
q255,test,ur-863675-0,علامہ محمد اقبال کی جائے پیدائش کا مقام کیا ہے؟,What is the birthplace of Allama Muhammad Iqbal?,Allama Muhammad Iqbal ki jaye paidaish ka maqam kia hai?,Alama Mohammad Iqbal ki jaye paidaish ka maqam kya hay?,Alaama Mohamad Iqbal ki jaye paidaish ka maqam kyaa he?
q256,test,ur-906645-1,ڈاکٹر امجد ثاقب کو ایشیا کے نوبل پرائز یعنی رامون مگسیسے ایوارڈ کب ملا؟,"When did Dr. Amjad Saqib receive the Asian Nobel Prize, the Ramon Magsaysay Award?",Dr. Amjad Saqib ko Asia ke Nobel Prize yani Ramon Magsaysay Award kab mila?,Dr. Amjad Saqib ko Asia kay Nobel Prize yani Ramon Magsaysay Award kab mila?,Dr. Amjad Saqib ko Asia ke Nobel Prize yani Ramon Magsaysay Award kab milaa?
q257,test,ur-720256-1,پاکستان کی مقامی کرکٹ کا موجودہ کفیل کون ہے؟,Who is the current sponsor of Pakistan's domestic cricket?,Pakistan ki maqami cricket ka mojooda kafeel kaun hai?,Pakistan ki maqaami cricket ka mojooda kaafeel kon hai?,Pakistan ki maqami cricket ka mojooda kafeel kon hay?
q258,test,ur-509970-0,محترمہ فاطمہ جناح کا کیا رشتہ محمد علی جناح سے تھا؟,What was the relationship of Fatima Jinnah to Muhammad Ali Jinnah?,Mohtarma Fatima Jinnah ka kya rishta Muhammad Ali Jinnah se tha?,Mohtarma Fatma Jinnah ka kia rishta Mohammad Ali Jinnah se tha?,Mohtarma Faatima Jinnah ka kyaa rishta Mohamad Ali Jinnah se tha?
q259,test,ur-8430-1,مصطفے کمال پاشا نے ترکی میں خلافت کے خاتمے اور جمہوریت کے قیام کے لیے کون سا معاہدہ تحریر کیا؟,Which treaty did Mustafa Kemal Pasha write to end the Caliphate and establish democracy in Turkey?,Mustafa Kamal Pasha ne Turkey mein khilafat ke khatme aur jamhooriat ke qayaam ke liye kon sa moahida tehreer kiya?,Mustafa Kemal Pasha ne Turkey mein khilafat ke khatmay aur jamhooriat ke qayaam ke liye kon sa moahida tehreer kiya?,Mustafa Kemal Pasha ne Turkey mein khilafat ke khatme aur jamhooriat ke qayam ke liye kon sa moahida tehreer kia?
q260,test,ur-63834-0,وزیر خان نے کس سال میں مسجد کی بنیاد رکھی؟,In which year did Wazir Khan lay the foundation of the mosque?,Wazeer Khan ne kis saal mein masjid ki buniyaad rakhi?,Wazir Khan ne kis saal main masjid ki buniyad rakhi?,Wazir Khan ne kis saal mein masjid ki buniyaad rakhi?
q261,test,ur-397617-2,کون سے آرٹیکل کے تحت صوبائی اسمبلیوں کو کریمینل قوانین بنانے کا اختیار دیا گیا؟,Under which article are provincial assemblies given the authority to make criminal laws?,Kon se article ke tahat subai assemblyon ko criminal qawaneen banane ka ikhtiyar diya gaya?,Kaun se article ke tehat soobai assemblyon ko criminal qawaneen banane ka ikhtiyaar diya gaya?,Koun se article ke tahat subayee assemblyon ko criminal qawaneen banane ka ikhtiyar diya gaya?
q262,test,ur-97086-3,پی ایس ایل کے گیارھویں سیزن کا آغاز کس سال ہوگا؟,In which year will the 11th season of PSL start?,PSL ke gyarhwin season ka aghaz kis saal hoga?,PSL ke gyarhvin season ka aaghaz kis saal hoga?,PSL ke gyarhwan season ka aghaaz kis saal hoga?
q263,test,ur-874415-0,ڈاکٹر مبین اختر کی کتاب 'مسلمانوں کے لیے جنسی تعلیم' پاکستان میں کب شائع ہوئی؟,When was Dr. Mubeen Akhtar's book 'Sex Education for Muslims' published in Pakistan?,Dr. Mubeen Akhtar ki kitaab 'Muslamanon ke liye jinsi taleem' Pakistan mein kab shaaya hui?,Dr. Mubeen Akhtar ki kitabe 'Muslamanon ke liye jinsi taleem' Pakistan mein kab shaaya hui?,Dr. Mubeen Akhtar ki kitaab 'Muslmaano ke liye junsi taleem' Pakistan main kab shaiya hui?
q264,test,ur-2657-2,میاں نصیر محمد کی مسجد کی تعمیرِ نو کب ہوئی؟,When was the reconstruction of Mian Naseer Muhammad's mosque completed?,Mian Naseer Muhammad ki masjid ki taamir-e-nau kab hui?,Mian Nasir Muhammad ki masjid ki taamir-e-nau kab hui?,Mian Nasir Mohammad ki masjid ki taamir-e-nau kab hui?
q265,test,ur-783357-3,دار العلوم فیض الرسول کی قیادت کون فرما رہے ہیں؟,Who is leading Darul Uloom Faizur Rasul?,Darul Uloom Faizur Rasul ki qiadat kon farma rahe hain?,Darul Uloom Faizur Rasul ki qiyadat kon farma rahay hain?,Darul Uloom Faizur Rasul ki qiadat kaun farma rahe hain?
q266,test,ur-1028657-0,شہروز کاشف نے کس عمر میں ماؤنٹ مکالو کو سر کیا؟,At what age did Shehroze Kashif summit Mount Makalu?,Shehroze Kashif ne kis umar mein Mount Makalu ko sar kiya?,Shehroze Kashif nay kis umar main Mount Makalu ko ser kya?,Shehroze Kashif ne kis umar mein Mount Makalu ko sir kia?
q267,test,ur-1088257-1,منظور پشتین کو پاکستانی فوج نے جیل کیوں بھیجا تھا؟,Why was Manzoor Pashteen jailed by the Pakistani military?,Manzoor Pashteen ko Pakistani fauj nay jail kyun bheja tha?,Manzoor Pashtin ko Pakistani foj ne jail kyun bheja tha?,Manzoor Pashtin ko Pakistani fauj ne jail kyon bheja tha?
q268,test,ur-2085163-2,شہزاد رائے نے کراچی کنگز کے لئے کون سا ترانہ پیش کیا؟,Which anthem did Shehzad Roy present for Karachi Kings?,Shehzad Roy ne Karachi Kings ke liye kon sa tarana paish kiya?,Shehzad Roy nay Karachi Kings ke liyay kaun sa tarana paish kiya?,Shehzad Roy nae Karachi Kings ke liye kon sa tarana paish kiya?
q269,test,ur-907786-2,دیومیں 1859 میں کون سا پودینہ بند ہوا؟,Which mint closed in Diu in 1859?,Diu mein 1859 mein kaun sa podina band hua?,Diu main 1859 mein kon sa podina band hua?,Diu mein 1859 may kon sa podina band hua?
q270,test,ur-569440-2,تندوری کھانوں کی خاصیت کس خطے کی روایت کا تسلسل ہے؟,The specialty of tandoori cuisine is a continuation of the culinary tradition of which region?,Tandoori khanon ki khasiyat kis khetay ki rawayat ka tasalsul hai?,Tandoori khanon ki khasiat kis khetay ki rivayat ka tasalsul hai?,Tandoori khanon ki khasiyat kis ihtay ki riwayat ka tasalsul hai?
q271,test,ur-333407-1,’’زاویہ‘‘ جریدہ کے مدیر کون ہیں؟,"Who is the editor of the magazine ""Zawiya""?","""Zawiya"" jareeda ke madeer kon hain?","""Zaawiya"" jareeda ke mudir kon hain?","""Zaavya"" jareeda ke madir kon hain?"
q272,test,ur-12641-1,امیر تیمور نے پہلی تیموری سلطنت کس علاقے میں قائم کی؟,In which region did Amir Timur establish the first Timurid Empire?,Ameer Timur ne pehli Teemuri Saltanat kis ilaqay mein qayam ki?,Ameer Timor ne pehli Teemuri Saltanat kis ilaqay main qayam ki?,Ameer Teemur ne pehli Timuri Saltanat kis ilaqe mein qayam ki?
q273,test,ur-778698-3,"منشی سعید احمد مارہروی کی کتاب ""ہندوستان میں ہندو آیرین فاتحین کا اپنے مفتوحین سے برتاؤ"" کس سال میں شائع ہوئی؟","In what year was Munshi Saeed Ahmed Marahravi's book ""Hindustan Mein Hindu Aryan Fateheen Ka Apne Maftoheen Se Bartao"" published?","Munshi Saeed Ahmed Marahravi ki kitab ""Hindustan mein Hindu Ayrian Fateheen ka apne Maftoheen se barta'o"" kis saal mein shai hui?","Munshi Saeed Ahmed Marahravi ki kitaab ""Hindustan mein Hindu Aryan Fateheen ka apne Maftoheen se bartao"" kis saal may shai hui?","Munshi Saeed Ahmed Marahravi ki kitaab ""Hindustan main Hindu Aryan Fateheen ka apne Maftoheen se barta'o"" kis saal mein shai hui?"
q274,test,ur-1077949-1,درانی نے 1971ء میں لندن یونیورسٹی سے پی ایچ ڈی کی ڈگری کس مضمون میں حاصل کی؟,In which subject did Durrani obtain his PhD degree from the University of London in 1971?,Durrani ne 1971 mein London University se PhD ki degree kis mazmoon mein haasil ki?,Durani ne 1971 me London University se PhD ki degree kis mazmoon main hasil ki?,Durrani nay 1971 mein London University say PhD ki degree kis mazmoon me hasil kee?
q275,test,ur-84330-3,اوڈی گرام کو ہپتھالیوں نے اپنی سلطنت کا پایہ تخت کب بنایا؟,When did the Hephthalites establish Udigram as their capital?,Odi Gram ko Hephthalites ne apni saltanat ka paya takht kab banaya?,Odi Gram ko Hephthalites ne apni saltnat ka paya takht kab banaya?,Odi Gram ko Hephthalites ne apni saltanat ka paaya takht kab banaya?
q276,test,ur-673536-0,ادارہ تحقیقات اردو و فارسی کس شہر میں واقع ہے؟,In which city is the Idara Tahqiqat Urdu wa Farsi located?,Idara Tahqiqat Urdu wa Farsi kis shehar mein waqia hai?,Idara Tehqeeqat Urdu wa Farsi kis shehar main waqia hai?,Idara Tehqiqat Urdu wa Farsi kis sheher mein waqia hai?
q277,test,ur-2423284-3,کتچی کے میدانوں میں مہرجہرہ کے آثار قدیمہ کی کھدائی کس سال کی گئی تھی؟,"In which year was the archaeological excavation in Mehrgarh, located in the fields of Kachi, conducted?",Katchi ke maidanon mein Mehrgarh ke aasaar e qadeemah ki khudai kis saal ki gayi thi?,Kachhi ke maidanon mein Mehrgarh ke aasaar e qadeema ki khudai kis saal ki gayi thi?,Katchi ke maidanon mein Mehrgarh ke aasaar e qadeemah ki khudai kis saal ki gai thi?
q278,test,ur-890539-1,برازیل اور دیگر لاطینی امریکی ممالک میں خواتین کی زرعی حصہ داری کتنی ہے؟,What is the agricultural participation rate of women in Brazil and other Latin American countries?,Brazil aur deegar Lateeni Amreeki mumalik mein khawateen ki zaraai hissa daari kitni hai?,Brazeel aur dighar Lateeni Amreeki mumalik mein khawateen ki ziraai hissa daari kitni he?,Brazile aur deegar Lateeni Amreeki mumalik main khawateen ki zaraai hissa dari kitni hay?
q279,test,ur-1095400-3,کیا 1986ء میں پروفیسر کیتھ ملر کی قیادت میں قراقرم ہمالیہ ریسرچ مہم کا رکن کون تھا؟,Who was a member of the Karakoram Himalaya Research Expedition led by Professor Keith Miller in 1986?,Kya 1986 mein Professor Keith Miller ki qiadat mein Karakoram Himalaya Research Mohim ka rukun kon tha?,Kia 1986 main Professor Keith Miller ki qiadat mein Karakoram Himalaya Research Mohim ka rukn kon tha?,Kyaa 1986 may Professor Keith Miller ki qiadat mein Karakoram Himalaya Research Mohim ka rukan kon tha?
q280,test,ur-715959-1,شریف خاندان کے کس فرد نے تین بار پاکستان کے وزیر اعظم کی حیثیت سے خدمات انجام دیں؟,Which member of the Sharif family served as the Prime Minister of Pakistan three times?,Sharif khandan ke kis farad ne teen baar Pakistan ke Wazir-e-Azam ki hesiyat se khidmat anjam di?,Shareef khandan ke kis fard ne teen bar Pakistan ke Wazir-e-Azam ki hesiyat se khidmat anjam di?,Sharif khanadan ke kis farad ne teen baar Pakistan ke Wazir-e-Azam ki hesiyat se khidmat anjam di?
q281,test,ur-601176-3,داؤد پرائیوٹ لمیٹڈ کو مانچسٹر اور پاکستان میں کب قائم کیا گیا؟,When was Dawood Private Limited established in Manchester and Pakistan?,Dawood Private Limited ko Manchester aur Pakistan mein kab qaim kiya gaya?,Dawood Private Limited ko Manchester aur Pakistan main kab qayam kia gaya?,Dawood Private Limited ko Manchester aur Pakistan mayn kab qaim kiya gaya?
q282,test,ur-68314-1,شیش محل میں روشنی کے انعکاس کی وجہ سے کیا خاص اثر پیدا ہوتا ہے؟,What special effect is created in Sheesh Mahal due to the reflection of light?,Shish Mahal mein roshni ke in'ikas ki wajah se kya khaas asar peda hota hai?,Sheesh Mahal mein roshni ke in'ikas ki wajah se kya khaas asar peda hota hai?,Shish Mahal mein roshni ke an'ikaas ki wajeh se kya khaas asar paida hota hai?
q283,test,ur-47660-2,قائد اعظم ریزیڈنسی پر 2013ء میں حملہ کس نے کیا تھا؟,Who attacked Quaid-e-Azam Residency in 2013?,Qaid-e-Azam Residency par 2013 mein hamla kis ne kia tha?,Kaid-e-Azam Rizidency par 2013 mein hamla kis nay kiya tha?,Qaid-e-Azam Razydensee per 2013 mayn hamla kis ne kiya tha?
q284,test,ur-50349-1,کراچی ڈویژن کی مردم شماری ۲۰۲۳ء کے مطابق اردو/مہاجر افراد کی تعداد کیا ہے؟,"According to the 2023 census, what is the population of Urdu/Muhajir people in Karachi Division?",Karachi Division ki Mardum Shumari 2023 ke mutabiq Urdu/Muhajir afraad ki tadaad kia hai?,Karachi Division ki Mardum Shumari 2023 kay mutabiq Urdu/Muhajir afraad ki tadaad kya hai?,Karachi Division ki Mardum Shumari 2023 ke mutabiq Urdu/Mohajir afraad ki tadaad kia hay?
q285,test,ur-1072749-3,تانڈہ ڈیم کے نہری پانی میں کون سا مسئلہ درپیش ہے؟,What issue is faced by the canal water of Tanda Dam?,Tanda Dam ke nahri pani mein kon sa masla darpaish hai?,Tanda Daam kay nahri paani mein kaun sa masla darpaish hai?,Tanda Dam ke nahri pani main kon sa masla darpaish hai?
q286,test,ur-829015-3,گواربتی زبان کے کتنے متکلمین پاکستان میں ہیں؟,How many speakers of the Gawar-Bati language are there in Pakistan?,Gawar-Bati zuban ke kitne mutakallimeen Pakistan mein hain?,Gawar-Bati zuban kay kitnay mutakallimeen Pakistan main hain?,Gawar-Bati zuban k kitne mutakallimeen Pakistan mein hain?
q287,test,ur-38452-3,دارلعلوم اکوڑہ خٹک میں بخاری جلد اول کے ابتدائی چند ابواب کس نے پڑھائے؟,Who taught the initial chapters of Bukhari Volume One at Darul Uloom Akora Khattak?,Darul Uloom Akora Khattak mein Bukhari jild awal ke ibtidaai chand abwaab kis ne parhai?,Darul Uloom Akora Khattak mein Bukhari jild awwal ke ibtidaai chand abwaab kis ne parhai?,Darul Uloom Akora Khattak mein Bukhari jild awal ke ibtedai chand abwaab kis ne parhai?
q288,test,ur-844918-1,پاکستان میں کن اداروں میں ہندی بطورِ مضمون پڑھائی جاتی ہے؟,In which institutions in Pakistan is Hindi taught as a subject?,Pakistan mein kin idaron mein Hindi bator-e mazmoon parhai jati hai?,Pakistan main kin idaron main Hindi batur-e mazmoon parhai jati he?,Pakistan mein kin idaron mein Hindi boator-e mazmoon parhaai jati hay?
q289,test,ur-8201-3,"1997ء میں ""قلعہ روہتاس"" کو کس عالمی ادارے نے ""عالمی ثقافتی ورثے"" کی فہرست میں شامل کیا؟","In 1997, which international organization included ""Rohtas Fort"" in the ""World Heritage"" list?","1997 mein ""Qila Rohtas"" ko kis aalami idaray ne ""aalami saqafati virsay"" ki fehrist mein shamil kiya?","1997 may ""Qila Rohtas"" ko kis almi idare ne ""almi saqafati virsay"" ki fehrist mein shamil kiya?","1997 main ""Qila Rohtas"" ko kis aalami idaray ne ""aalami saqafati warsay"" ki fehrist men shamil kia?"
q290,test,ur-109192-1,1997/98 کے ورلڈ کپ میں پاکستان خواتین کرکٹ ٹیم کا کارکردگی کیسی رہی؟,How did the Pakistan women's cricket team perform in the 1997/98 World Cup?,1997/98 ke World Cup mein Pakistan khawateen cricket team ka kaisa performance raha?,1997/98 kay World Cup mein Pakistan khawateen cricket team ka kaisa performance raha?,1997/98 ke World Cup main Pakistan khawateen cricket team ka kaisa performance raha?
q291,test,ur-5044-0,ڈاکٹر محمود حسین کی پہلی برسی کے موقع پر کراچی یونیورسٹی کی لائبریری کا نام کب تبدیل کیا گیا؟,On which occasion was the name of Karachi University's library changed to honor Dr. Mahmood Hussain?,Dr. Mahmood Hussain ki pehli barsi ke moqe par Karachi University ki library ka naam kab tabdeel kiya gaya?,Dr. Mahmood Hussain ki pehli barsi kay moqe par Karachi University ki library ka naam kab tabdeel kiya gaya?,Dr. Mahmood Hussain ki pehli barsi ke moqay par Karachi University ki library ka naam kab tabdeel kiya gaya?
q292,test,ur-10472-2,کوئٹہ بین الاقوامی ہوائی اڈا سطح سمندر سے کتنی بلندی پر واقع ہے؟,At what altitude above sea level is Quetta International Airport located?,Quetta beain al-aqwami hawai adda satah samundar se kitni bulandi par waqia hai?,Kuetta ben al-aqwami hawai adda satuh samundar se kitni bulandi par waqia he?,Quetta bain al-aqwami hawai adda sat'h samundar se kitni bulandi par waqia hai?
q293,test,ur-13396-2,کیا شاہراہ قراقرم کی مرمت چلاس سے اوپر مکمل ہو چکی ہے؟,Is the repair work on the Karakoram Highway above Chilas completed?,Kya shahrah Karakoram ki marammat Chilas se ooper mukammal ho chuki hai?,Kia shahrah Karakoram ki marammat Chilas se upar mukammal ho chuki he?,Kya shahrah Karakoram ki marammat Chilas se oopar mukammal ho chuki hay?
q294,test,ur-35838-2,ڈاکٹر طاہر القادری نے 15 اکتوبر 2004ء کو کس عہدے سے استعفیٰ دیا تھا؟,"From which position did Dr. Tahir-ul-Qadri resign on October 15, 2004?",Dr. Tahir-ul-Qadri ne 15 October 2004 ko kis ohde se istifa diya tha?,Dr. Tahir-ul-Qadri nay 15 October 2004 ko kis ohde se isteefa diya tha?,Dr. Tahir-ul-Qadri ne 15 October 2004 ko kis oday say istefa diya tha?
q295,test,ur-15923-2,پولینڈ میں 2002 میں زرعی ڈھانچے کو متاثر کرنے والے عوامل کون سے تھے؟,What were the factors affecting the agricultural structure in Poland in 2002?,Poland mein 2002 mein zarai dhanchay ko mutasir karnay walay awaamil kaun se thay?,Poland main 2002 main zaraai dhanchay ko mutasir karne walay awamil kaun se the?,Poland mein 2002 mein zarae dhanchay ko mutasir karne wale awamil kaun se thay?
q296,test,ur-1097755-2,نورستان کے کون سے علاقے میں کتی زبان کو سب سے زیادہ بولا جاتا ہے؟,In which area of Nuristan is the Kati language most widely spoken?,Nooristan ke kon se ilaqe mein Kati zuban ko sab se ziada bola jata hai?,Nooristan ke kaun se ilaqe mein Kati zaban ko sab se zyada bola jata hai?,Nooristan ke kaun se ilaake mein Kati zuban ko sab se zyada bola jata hai?
q297,test,ur-268110-0,کیا انیسویں صدی میں پشتون قبیلے کے تابعین کو غلہ یا چاول کی صورت میں انعام دیا جاتا تھا؟,"In the 19th century, were the subordinates of the Pashtun tribe rewarded with grain or rice?",Kya uneesveen sadi mein Pushtoon qabiley ke tabein ko ghalla ya chawal ki soorat mein inaam diya jata tha?,Kia unisvin sadi mein Pashtoon qabeelay ke tabain ko ghalla ya chawal ki soorat mein inaam diya jata tha?,Kyaa uniswin sadi mein Pashtoon qabeele ke tabeen ko ghalla ya chawal ki surat mein inaam diya jata tha?
q298,test,ur-1097-0,نواز شریف کو کون سے کیس کی سماعت کے بعد 28 جولائی 2017 کو نااہل قرار دیا گیا؟,After which case's hearing was Nawaz Sharif disqualified on 28 July 2017?,Nawaz Sharif ko kon se case ki samaat ke baad 28 July 2017 ko na-ahl qarar diya gaya?,Nawaz Sharif ko kaun se case ki samaat k baad 28 July 2017 ko naahil karar dia gaya?,Nawaz Sharif ko kon se case ki samat ke baad 28 July 2017 ko na-ehil karar diya gaya?
q299,test,ur-267944-2,تفسیر القران کی کون سی زبان میں سب سے زیادہ تراجم موجود ہیں؟,In which language are the most translations of Tafsir al-Quran available?,Tafseer al-Quran ki kaun si zubaan mein sab se zyada tarjumaat maujood hain?,Tafseer al-Quran ki kaun si zuban mein sab se zyada tarjumaat mojood hain?,Tafseer al-Quraan ki kaun si zubaan mein sab se zyadah tarjuma'at mojood hain?
